Texture iD,Majority Texture iD,Minority Texture iD,Minority Location,EMD
385,135,58,UL,1.3906739158513601
1264,35,22,UL,1.2749177420528992
530,248,42,LR,1.2538132755461366
4757,243,19,LR,1.7845177968644244
1272,217,243,UR,1.1380959884123385
413,54,218,UL,1.5813117531244487
465,159,193,LR,1.228680404226813
1285,7,210,UL,1.3884568966351316
376,9,85,UL,1.388048317123337
355,67,54,LR,0.6002344873893997
356,53,161,UR,0.5262871643504721
357,196,6,UL,0.5404153135652405
358,5,123,LL,0.9249296030450241
359,138,101,UL,1.168114081023667
363,165,170,LL,1.123297187101331
364,88,203,UR,1.1127244257663138
366,196,9,UR,1.0260454528274423
367,216,38,UL,1.189847882754335
369,4,129,UL,1.2790188579874322
370,133,141,UL,0.5690355937288492
373,74,108,UL,1.0844193608037305
374,126,156,UL,0.8896963174283076
377,77,84,LR,1.0812899675393923
380,92,147,LL,1.2343946645087547
381,58,33,LR,0.3308172960489149
382,251,142,LL,0.9081642310840996
383,167,233,UL,0.8151844581915578
3654,203,206,LR,0.9001427406929666
386,192,69,UL,1.1802102116567297
387,40,17,UR,1.1239100539886002
388,60,122,UL,1.4794364285655062
390,194,16,UR,0.4854722737866258
391,194,39,UR,1.5728037234216656
394,189,68,LL,0.4749964926153588
395,8,10,UR,1.097703779233045
396,51,5,LL,0.6659387774370547
397,43,217,UL,0.8247322210183223
399,200,133,UR,1.0740431974638935
400,46,76,LL,1.0481810914565926
402,16,112,LL,0.6490113179961793
403,28,26,LR,0.6035533905932737
405,82,148,LL,1.2107023850265919
406,171,40,LR,0.8589362118838784
408,17,141,LR,1.613663419223244
409,203,174,UL,0.9678753535628184
410,63,34,UL,1.2607563478747401
411,105,239,UR,1.588783872950343
466,2,176,LL,1.3811340070446882
414,14,184,UR,1.3552456593963698
416,69,181,UL,0.5389858404908259
417,69,120,UL,1.820376817948901
418,69,121,LR,0.9419707345431322
419,113,18,UR,1.4142135623730951
422,132,17,LL,0.5812242912240134
423,132,164,LR,1.1819375543062378
424,15,255,LL,0.9887656319021428
425,192,35,UR,0.0
427,224,60,UR,1.3064142340847424
428,23,208,UR,1.0446913323111642
430,70,170,LR,1.1924499250900769
431,87,220,UR,1.152896022949714
433,219,73,LR,1.332375122547239
434,155,179,UR,0.7575904392363616
435,232,52,LR,1.0465807624406234
436,55,42,UL,0.6565652418585008
439,191,97,UL,1.3873820040902154
440,58,247,UR,0.3690544133187983
442,211,106,UR,1.148581686538305
443,6,211,LR,1.1785113019775793
444,84,171,LR,1.0490343938203124
445,8,255,UL,0.6138766130426444
448,239,48,UR,0.888028849579852
449,80,131,UR,1.227765020411216
450,110,125,LL,1.1653977766420345
451,150,232,UR,0.5265563620768778
454,248,96,LR,0.8437298415718499
455,70,14,UL,1.1848140373782736
456,117,106,LL,1.402166522725931
457,81,205,LR,1.0033860420363607
459,246,62,LL,0.4107304441037215
460,15,37,UL,1.2617599595552198
462,99,249,UL,0.9435544677348813
463,245,197,UR,0.9856718871513902
513,46,4,LR,1.3801301241604078
468,62,197,UR,1.2585045631681155
469,208,238,UL,0.9276228296981845
473,4,32,LR,0.5303300858899108
474,3,42,LL,0.5902777777777779
476,80,7,UR,1.1596448104979638
477,173,187,UL,0.9481845988412338
482,174,156,UR,1.107412443894449
483,27,61,UL,1.2416245780509723
484,75,128,UL,1.1257862596004955
485,151,216,LR,0.5821542555102798
487,229,208,LL,0.8743683201429466
488,192,27,LR,1.8686821522157746
489,217,113,LR,0.5761632945921681
490,96,161,LL,0.748268190799791
1894,175,156,LL,0.3535533905932738
493,39,205,LR,0.6941489413332297
494,97,68,UR,1.2811762202914587
496,129,183,LL,1.1515274351871247
497,189,29,UL,0.8662894965491783
498,203,186,LR,1.7312951448352518
3036,234,221,LR,0.8582805979326391
499,63,154,UL,0.5224721930768931
501,49,81,LR,0.6697138410404578
502,170,155,UL,1.3631904450447456
514,41,42,UR,0.5892556509887895
506,244,93,LL,0.6970989652354761
507,70,99,LR,0.7806367239266071
508,144,125,LL,0.5676396900706779
509,146,204,UL,0.5533205208182097
511,215,49,UL,1.1502962405138486
512,113,142,UL,0.3138871351965683
516,193,113,UL,0.6630952681246093
517,160,51,UL,0.7712793854808891
518,123,130,UR,0.7172873885261968
519,148,99,LL,1.5008776618067652
521,185,255,LR,1.005756598159788
522,98,189,LL,1.6540440414707214
526,10,105,UL,1.7292709536161632
527,64,27,UR,0.9428090415820635
531,106,246,UL,1.2757108128372434
535,230,11,UR,1.1575297860717835
536,139,202,UR,0.7436268343666899
551,119,67,LR,0.5937624004773202
537,132,233,LL,0.9385293908204224
538,211,78,UR,0.47697936696211385
540,92,212,UR,1.3964491889327106
541,147,177,LL,1.0017346066809423
542,158,170,UL,1.2328381778008006
543,49,190,LL,0.6668926758175071
546,191,184,LL,1.2977371668945854
547,110,61,LR,1.7750355190557654
549,127,171,LR,1.1596871483758102
550,103,92,UR,0.8618762017726833
552,8,117,LR,1.2270360302695642
554,121,212,UR,1.0826988883210171
555,7,107,UR,1.0740007958422557
556,196,9,LL,0.8664062792040065
557,191,10,UR,0.692903990229528
3729,236,126,UR,1.4101978824907073
559,150,11,UL,1.4021665227259312
560,190,98,UL,0.46517050289152473
561,46,6,UL,0.7132540014128088
562,5,36,LR,0.8914923033404712
569,184,109,LR,1.2937414808005485
570,111,183,LR,1.102076443195127
571,187,67,LR,1.1367253691334633
572,5,211,LL,0.4980133289977292
574,91,240,UR,1.5165186886318074
575,233,58,UR,0.6660434308183637
578,113,115,LL,0.4967957099523449
579,93,82,LR,1.4142135623730951
580,43,64,UL,0.728400406522518
581,201,204,LL,0.7266938978643406
1927,235,178,LL,0.5453257773234804
584,149,182,LL,1.9104210037595466
585,168,66,LR,1.689099638131304
586,154,140,UR,1.4142135623730951
587,44,2,UR,0.8190769106011826
589,135,230,LL,0.7008143186776252
590,143,87,UR,0.7311918788912681
592,90,224,LL,0.40167974369469983
593,123,59,UL,0.6530925942874192
594,11,120,LL,0.7167288346452352
595,252,93,UR,0.8169989915377004
597,82,51,LR,1.363309306862815
598,27,93,UR,0.7369233943978749
622,81,49,UR,0.37513349553779063
599,92,199,UR,1.389233286861984
600,60,225,UR,0.8127902762640618
602,3,129,LR,0.5303300858899107
603,83,52,UL,0.6955087444714804
604,3,171,UL,1.4920174713533125
605,174,93,UR,0.7719262309705253
607,147,91,LR,0.2871263477618927
608,139,227,UR,0.8324414050140113
611,192,40,UR,0.685150612815496
612,209,164,UR,0.5305009418314649
613,191,100,UR,1.5350579316402415
614,42,134,UR,1.4958195796484968
616,47,124,LR,0.9997356998411501
617,190,5,UR,1.030173448813958
619,215,43,LR,1.6803715710998002
620,52,17,LL,1.1136566394577163
623,73,121,UL,0.7484807147240067
625,69,93,UR,0.9377462369907775
626,232,244,LR,0.5646576867568791
629,99,195,LL,0.2621886974951643
630,179,103,LL,1.245939302659025
632,204,120,LL,1.374657916017084
633,53,71,LL,1.0916773134516662
634,75,122,UR,0.8019424147923052
635,187,204,UL,0.5730823861623351
637,220,37,UL,0.7525651976821042
638,31,140,UL,0.9946843175418818
639,151,231,UR,0.9511844635310913
640,8,221,LL,0.7863037487631466
642,180,80,LR,2.0
643,254,5,LL,1.055694969666415
644,75,221,LL,1.4405997488324451
645,182,81,UL,0.4406938306853539
647,127,177,LR,0.6897508065213224
2556,237,149,UL,1.3142557756198656
648,113,154,LL,1.01079044353585
650,243,70,UL,0.28081998034548156
651,5,236,LL,0.7500565834009232
653,9,176,UL,1.2322971770057805
654,140,239,LR,1.10116524423169
656,80,28,UR,0.8317810638030102
657,2,168,UR,1.23297759191166
658,140,59,LL,1.1172626550790055
659,134,21,LR,1.4292973379553302
661,241,118,UL,1.853553390593274
668,60,154,LL,1.4241587592914322
662,150,33,LL,0.9428090415820634
664,163,160,LL,0.9694340469215967
665,38,70,UL,1.1818957749328298
667,79,131,LL,1.2937649467256647
669,174,164,LR,0.6129830043173643
670,117,31,LL,0.986825095433234
673,125,43,UL,0.3535533905932738
674,226,208,LR,0.7166773134516663
675,4,237,UL,0.732326258040592
676,241,96,UL,1.715851992051969
678,45,196,UR,0.9010238585396596
679,223,229,LR,1.0225383213986068
680,222,143,LL,1.3710663162925645
681,141,184,UR,0.8069550008281771
683,72,224,LL,1.4895155359416525
684,111,147,LL,1.0287648307203536
685,105,144,LR,1.0945661970010216
686,189,13,LR,0.9810714327365029
688,10,68,LR,1.1868867239266072
689,133,50,LL,0.40899433299261023
691,186,150,LL,1.1644991057093996
692,233,6,UL,1.4409374889913982
693,210,201,LR,0.7440126710976054
694,204,224,UR,1.2588834764831844
703,152,218,UL,1.1003403320840157
704,129,124,LR,0.8048795119723653
705,1,233,LL,1.3981508428435427
706,222,25,UR,0.6347267230027319
708,113,170,LR,1.030465867985053
709,189,130,UL,0.8339806840783559
710,195,138,LR,0.4714045207910317
711,174,161,UL,1.8636841361558323
713,163,88,UL,1.3480544517162814
714,189,180,UL,0.8552683327654615
753,80,218,LR,1.1487272314430879
754,179,189,UR,0.9488069734970779
755,74,173,UL,1.0576355061353238
756,159,43,UL,1.4142135623730951
757,205,56,UL,1.2509664691655664
759,181,170,UL,1.3856534653006563
760,124,176,LR,0.433925565098879
761,27,10,LR,1.1107869361512088
762,53,201,LR,1.1725889843221229
764,37,136,LL,1.0419655467525328
765,149,64,LL,1.1171799147703363
767,246,105,LL,0.0
768,155,170,LR,1.1013213655575163
769,208,215,UR,1.1037402790278654
770,132,48,UL,0.8611497322399687
772,132,30,UR,0.881001319384406
773,205,212,UL,0.8948922502843208
774,38,162,UL,0.48010261326979325
775,55,94,UL,1.0151898438995959
777,240,76,UL,0.4103902366507816
778,12,201,LR,1.651431007859817
780,241,135,LR,0.2601100286299701
781,151,157,UL,0.6472339537565264
784,159,246,LL,0.7611481879119956
785,160,231,UR,1.152734849911273
788,113,57,LR,1.1898902206321817
789,127,171,UR,0.6858361641672615
793,156,21,UR,0.6818165229895592
794,164,160,LR,0.7859514814484744
796,35,59,UL,0.8903401903026719
797,94,2,UR,0.9357484577205006
798,29,118,UL,1.3042030002860037
799,127,151,UL,1.0160323462854266
802,200,142,UL,0.0
878,131,202,LL,1.4743598466202135
803,240,116,LR,0.8658171495115534
805,173,235,UL,0.9923404017508564
806,220,121,LL,0.6417390665761151
807,43,138,LL,0.9206671599269917
808,183,208,UL,0.4053476228131167
811,254,83,UR,1.0417725113612826
812,152,130,LR,1.084137129857035
814,4,243,LL,0.2357022603955158
815,21,51,LR,0.9280528493527033
818,136,93,UR,1.3633873941502543
819,153,241,LR,1.0178371006591929
820,86,18,UR,1.2577854424001065
821,45,164,UR,0.8893791772090993
827,218,130,UL,1.2085450227225651
828,16,147,LL,0.1767766952966368
829,242,104,UR,0.9629583279938001
830,246,164,LR,0.1767766952966369
832,41,148,UL,0.5757632123381758
833,204,68,LL,1.057521036629423
834,166,135,UR,1.1789025197007061
835,140,50,UL,0.7849091106568138
837,109,44,UR,0.8197970523747043
838,47,201,UL,1.2150171096346445
842,21,161,LL,0.972800424449203
843,187,173,LL,0.9159811153149011
844,102,226,LL,0.9160745595321969
845,164,193,UL,0.6516286373552505
847,54,210,LR,0.7531523330104866
848,243,11,UR,1.138071187457698
885,74,187,UR,0.7572466958369668
850,114,90,LL,0.9153131008863415
851,244,169,UR,1.3525502898361759
852,190,34,UR,1.045606109975368
853,183,227,UR,0.0
860,96,192,UR,0.6973777716264639
861,158,205,UL,0.6841124535334706
862,26,68,LL,0.2771521012270647
863,47,250,UL,0.737098164053687
864,18,137,UR,0.7736716795424177
867,173,89,UR,1.211228704454936
868,39,218,LL,0.7311619414907419
872,76,228,UL,0.9835660670304124
873,134,76,UL,1.0127010426042324
875,47,104,LL,1.3656223013341182
876,216,28,UL,0.9407638993129019
879,52,220,LR,1.15178045194343
880,31,85,LL,0.6740365738136619
881,15,196,LR,1.3420986073988934
884,224,38,LR,1.003045834583421
886,114,23,LL,0.8381116470121482
887,220,166,LL,0.8539746417861891
889,75,191,UL,0.7284387774370548
890,74,100,UL,0.5892556509887896
891,212,38,UL,1.8535533905932737
892,105,217,UR,0.8819480764601615
895,75,50,UL,1.2148106422658214
896,222,230,UR,1.353807417860352
897,62,220,LR,0.8562915499717497
898,64,195,UR,0.1422588984322123
901,53,245,UL,0.6965124094010119
902,205,249,UR,1.4400931624833915
903,40,206,UR,0.8463645332143285
904,54,234,UR,0.5713251061123007
906,1,183,LL,1.379026522614589
907,23,8,UL,0.8680591875712728
908,172,96,UL,0.6767168204955845
909,196,219,LL,0.45534180126147944
911,253,164,UR,0.6727087339242278
912,250,15,LR,1.1129267615320289
915,40,213,LR,1.0439933804820787
916,215,231,LL,0.3991011301977579
1251,255,156,LL,0.7168518014089377
3973,68,225,LL,1.402166522725931
1363,115,43,LR,1.805263051651189
2723,33,5,UR,1.7071067811865475
1574,106,51,UR,0.991624578050972
3677,110,112,UR,1.3953070728220365
3164,130,195,UR,1.3709307415915322
1213,32,132,UL,0.5945625649853046
1214,134,89,LL,1.1036081289484403
1215,58,170,UR,0.9438145458893562
1216,130,133,LR,0.5902179029767254
1217,152,242,LR,0.5076255292455091
1219,150,63,LR,0.6048802998784617
1220,235,103,UR,0.6624789556921526
1254,35,40,LR,0.9743445106798365
1223,35,142,UL,0.9028412845945473
1224,153,49,LR,0.4435420672575612
1225,214,145,LR,1.3018664122702044
1226,251,59,UR,0.7601100286299701
5268,239,192,LR,1.280299712645785
1230,43,99,LL,1.1151439986371081
1231,117,61,LL,1.033329950579768
1232,225,46,UL,1.1157784436494242
1233,131,14,UR,1.0347557916384658
1235,98,119,LL,1.3725682558767265
1236,38,37,LL,0.66301118802557
1237,56,251,LL,1.2915749989245913
1238,149,220,LL,0.5077781783686722
1240,239,58,LR,1.0184029024088537
1241,80,63,LR,1.241624578050972
1242,214,193,LL,1.0965790087483032
1243,20,86,LL,0.7071067811865476
1263,117,211,LR,1.0277266714383282
1245,100,183,LR,1.367581124527945
1246,220,169,UL,1.0179305448764888
1247,206,68,LR,1.1640442108617095
1248,41,237,UL,1.0569463227678408
1252,217,140,LL,0.9982936244974012
1253,10,61,LL,0.19171588323581043
2752,213,230,LR,0.5261862172234119
2753,244,192,LL,1.3696869922958779
2754,45,228,UR,0.11427703024422942
2755,84,59,UR,1.4142135623730951
1258,38,250,UR,1.0388273850265917
1259,82,192,LR,1.1737912092854352
1260,236,164,UL,1.4228419267739978
1261,157,219,UL,1.5700980277206484
1266,132,186,UR,1.040319083203202
1267,242,49,UR,2.0
1268,112,29,UR,1.3480544517162811
1269,61,183,UR,1.00158642410848
1271,43,134,UR,1.353148831293841
1273,190,197,UL,0.8151421203137115
1274,193,50,UR,0.7857821993488762
1277,151,214,UL,1.1265652551695569
1278,64,210,UL,0.5584743765054374
1280,101,108,UR,1.8291456223588194
1281,139,97,LL,0.5024984099599454
1282,214,168,UL,0.4911872943650194
1283,184,130,LR,1.4237108725928598
2757,0,78,UR,1.324663673824929
2758,145,221,UL,1.4027167600857258
2759,194,135,LR,1.114178114633455
2760,56,160,LR,0.872023075056291
1286,187,213,LR,1.4142135623730951
1287,220,8,UR,0.8181176788095752
1288,172,248,UL,0.2726628886617402
1290,89,198,UL,1.1347570914201128
1291,251,178,UL,0.7533240453177553
1293,200,255,UL,0.6283313036811943
1435,170,173,LL,1.112766683737633
1294,152,168,LR,0.5690355937288492
1295,109,89,UL,0.6607015010512329
1296,84,69,LL,0.3535533905932738
1298,123,93,UL,0.35355339059327373
1299,27,168,LR,1.132485684959046
1300,45,206,UR,1.082698888321017
1301,44,49,LL,0.47431970972519627
1303,101,102,LL,0.9488774142244336
1304,136,144,UR,0.7705314120616585
1305,12,189,UL,1.7546314450804983
1306,24,84,UL,0.7904401145198809
1308,246,117,LR,0.6618197097251964
1309,222,15,LR,1.0498799963089986
1310,72,234,LL,1.2880171703424304
1311,5,6,UL,1.0105527732146615
1314,134,204,LR,1.1523689270621824
1315,182,217,UL,0.8358732409681461
1317,214,138,LR,0.7637779077483869
1318,151,234,LR,0.07216878364870316
1321,237,248,LL,0.9423542209729046
1322,220,230,LL,1.5141678341034508
1324,2,102,LL,1.1121828398093798
1325,11,149,LR,1.0503384537606193
1327,111,249,UL,1.139849636446656
1328,197,18,UR,0.7681119400868713
1329,2,44,UR,1.3687669078779943
1330,76,105,UL,0.8179886659852207
2762,238,140,UL,1.0115949099547363
2763,73,102,UL,0.8281544378131351
3974,250,197,UL,1.5416795409151536
1336,39,169,UL,0.8442172210864789
1337,152,84,LL,1.0899959406957216
1339,171,19,LL,0.6772614533063219
1340,243,151,LR,1.4300538352898382
1342,172,229,UL,0.6710660670304125
1343,204,180,UL,0.8474689854578661
1345,205,50,LL,0.9105136182686038
1346,198,214,UL,1.037521293569999
2882,236,247,LR,1.1438241536017693
1349,229,12,UR,0.6302930090890262
1350,79,213,UR,1.3300129256992907
1351,3,37,UL,0.9682002307433768
1352,171,168,UR,0.5870858882074429
1354,113,26,LL,0.7537525548741095
1355,12,253,LL,0.9112539079755357
1356,197,83,LR,1.375010842732201
1357,103,59,LR,2.0
1358,122,168,LR,1.1309646555333024
1360,237,159,LR,0.5870223813906733
1361,124,25,LL,1.072562554306238
1362,221,86,LL,0.8082911200865629
2886,232,156,LR,1.9511844635310913
1365,154,164,LL,0.7944658921595023
1366,122,59,UR,1.0130711874576983
1369,11,76,UR,0.9896875670337781
1370,13,92,UR,1.1065992251766947
1371,201,192,UL,1.4425405565051543
1372,84,52,UL,0.7091955744664502
1375,86,145,LL,0.8523608008861203
1376,243,65,UL,0.36785113019775795
1378,158,133,LL,0.9193165401044637
3998,68,164,UL,1.2374368670764582
1379,8,119,UR,0.9473231131778245
1381,65,45,LR,0.8746086757128709
1382,189,137,LL,1.1488579989778311
1383,156,224,LL,1.1903620462516848
1384,30,100,LL,0.5749630478301913
1386,195,39,LL,1.2351627592039194
1387,232,240,LL,1.2416245780509723
1390,226,87,UR,0.7139753183369022
1391,46,240,UR,1.3673141229576238
1393,63,139,LR,0.5133654250170747
1402,65,44,LL,1.3820881233139908
1394,182,247,UR,1.2561416479367757
1395,228,24,UR,0.5932015705337468
1396,231,144,UL,0.9084686624699716
1398,1,28,LL,0.6673894194503925
1399,4,199,LL,1.4590117756399739
1401,191,219,LR,1.172588984322123
1404,173,94,LR,0.628310134742271
1405,12,139,LR,1.3179261591844842
1406,16,129,UR,1.0031480472623198
1407,79,196,LL,1.3106601717798214
1409,236,63,LL,0.2946278254943948
1410,60,37,UR,0.8725995064760464
1411,128,102,UR,0.8718504483075115
1412,169,227,UR,0.8612159348002142
1414,213,234,UR,1.144543274369778
1415,93,132,UR,0.8385241297434606
1417,101,69,LL,1.745773131157022
1418,0,141,LR,1.1345536709050932
1419,195,30,UL,1.1146899810787132
1420,192,25,UR,1.1883732856573315
1423,216,112,UR,1.2480966649630518
1424,201,2,LL,1.414213562373095
1434,174,109,LR,1.4142135623730951
1425,240,166,UR,0.9513217557243976
1426,46,190,UR,0.7196301130039156
1428,220,191,LR,0.9236147431268282
1429,127,87,UR,0.398875535901037
1430,60,186,UL,1.049385294687139
1431,12,183,UR,1.4142135623730951
4005,157,219,LR,1.5712854486564454
1439,65,183,UL,1.132069261921899
1440,56,11,UL,1.181937554306238
1441,174,115,LR,0.6816572216543506
1442,18,164,UL,0.8525690124046936
3685,92,203,LL,1.5598889664211617
1445,40,183,LR,0.5469809988396745
1446,180,112,LL,1.048576037264699
1448,77,145,LL,0.810511989207359
1449,242,181,LL,0.3678511301977579
1450,89,58,UR,1.1229332957685265
1451,36,23,LL,1.2488157857310607
1453,9,230,LL,0.5618291195201709
1454,146,41,LR,1.0821640344826557
1455,57,186,LL,0.7742792501707465
1456,62,52,LR,0.47218038959976233
4147,248,113,UL,1.8646145152962181
1458,125,222,LL,0.7615906080438342
1459,4,66,LL,1.17719008197472
1461,160,2,LL,1.0438159094147954
1462,181,124,LL,0.570010246194105
1463,118,106,LL,0.512914236423633
1464,24,48,LL,1.1150979173527977
1467,51,95,UL,0.7242928086837339
1468,98,207,UL,0.7516285012772654
1469,190,62,UL,1.5369766607592619
1470,137,17,LL,0.7196540470981014
1473,138,93,UL,0.0
1474,176,140,LR,0.7863597526701516
1475,111,10,LR,0.7134518544650881
1476,150,155,UL,1.5089844663645564
1478,138,107,LL,1.210332240173126
1479,23,238,UL,0.6481812160876685
1480,43,129,LR,1.0284892043387484
1481,79,220,UR,1.5587265853183352
1483,140,5,LR,1.2667938049312817
1485,252,129,UR,1.3466162101802637
1487,14,3,LL,0.8851892910679807
1488,254,237,LR,0.5041913429902312
1489,186,117,LL,0.8570651588806042
1490,166,186,LR,1.3415823648042018
1493,28,155,UR,1.232538697231536
1494,209,51,UR,0.8543867734071736
1496,94,36,LL,1.0658345845865833
1554,193,4,LR,0.945711830038908
1497,239,124,LR,1.1047613904793359
1500,53,244,LR,0.500370144853466
1501,139,206,UL,1.2445134616003275
1563,174,24,LL,1.1019672166991148
1504,99,67,UR,1.2548578529886218
1505,31,253,UR,1.2629881816132238
1506,102,178,UR,0.842756699204758
1507,214,172,UL,0.9280827867532294
1509,123,204,LR,1.2732658918433615
1510,2,19,UL,0.4378913137923892
1512,117,170,UL,1.1315538062152357
1513,86,117,UR,0.0
1515,242,227,UR,1.349492693252299
1516,180,200,LR,1.142844321870417
1517,240,106,UR,1.0390748819012126
1518,232,23,UL,0.8424571492237065
1520,154,28,UL,1.023713448421086
1521,186,66,LR,0.5827523449616099
1523,250,153,UL,0.7775857528973004
1524,157,144,LL,1.016467502385831
1525,108,133,UL,1.5077551272317773
1526,90,140,LL,0.6091733397974651
1529,50,152,UR,0.8701231056580034
1530,221,45,UL,1.0213588924652253
1531,125,115,UL,1.0778343944563409
1532,164,1,UL,0.7133731610262555
1534,83,242,LL,0.9313681205408603
1535,248,104,UR,0.7031673378778464
1537,49,197,LR,0.9008021674624569
1538,92,117,UR,1.4587672190551544
1545,151,158,UR,1.2020342299483562
1572,23,107,UL,1.2811762202914587
1546,205,197,UR,0.7019051743037913
1548,255,167,UR,2.0
1549,248,135,UR,1.0833029600892075
1550,171,215,UR,1.0963663944228204
1551,16,50,UL,1.0147265897764262
1553,249,106,LR,1.8203768179489013
1556,34,141,LR,1.1713799690985431
1557,243,230,LL,1.3832913693487148
1560,209,228,LL,0.6311031971157122
1561,103,220,UL,0.5978936079574378
1564,46,178,UR,0.8887543513561053
1565,219,154,LL,1.5932245635289468
1566,17,218,LR,0.7071067811865476
1569,31,120,LR,1.2013538150424767
1570,29,158,LR,1.3697555613200016
1571,157,184,LR,0.6182753273484701
1575,28,70,LL,1.0713199696664149
1577,23,191,LR,0.9158384897104397
1578,120,217,LL,0.5917284197911157
1580,108,198,UR,0.6144511832539082
1581,52,99,UR,0.9624570274089467
1582,8,124,LR,1.0552948874124226
1583,70,162,UL,1.0590810697785717
1585,197,147,LL,1.2545687518751314
1586,71,136,UR,0.7338106341099719
1587,192,7,LR,0.11785113019775782
1588,155,95,LL,1.0107904435358497
1590,178,123,LR,1.508215504808937
1591,135,22,UR,0.9184487476713413
1593,63,194,UL,0.4510734823905894
1594,175,96,UL,1.0335044385370393
1595,63,182,UR,0.5198362463773157
1596,87,69,LR,0.9882469590338819
1599,183,231,LL,1.4142135623730951
1600,52,109,UL,1.075017786185358
1602,218,125,LL,0.5470618884345916
1603,229,179,LL,0.6990754214217715
1605,245,0,UR,1.3325915020440173
1606,209,232,UR,1.317117805708815
1607,234,77,UL,1.3149748963878745
1608,209,126,UL,1.37141164969665
1610,204,13,LR,1.4385118538972161
1611,116,161,UR,1.280171858809267
1612,158,244,UR,1.853553390593274
1613,152,96,UR,0.9267471727502302
1616,82,72,UL,1.1348157910705938
1617,246,130,LR,0.8993925977751268
1618,13,132,UL,1.0953725084656654
1619,66,73,UR,0.7353233470804468
1621,169,205,LR,1.6504010375454765
1622,184,220,LL,1.2198439081479653
1623,124,53,UL,0.37731446748315045
1624,213,53,LR,1.3279190702120334
1626,59,151,UL,1.4021665227259308
1627,194,114,UL,0.8636210813453977
1637,103,75,LR,0.05892556509887895
1628,158,195,UL,0.49272774857993595
1629,220,59,UR,1.3325784316715117
1631,102,106,LL,0.6348756658716462
1632,142,254,LR,0.7576889456610114
1633,193,50,UL,0.0
1634,204,82,UR,1.0031392788007167
1638,31,25,LL,0.9014557394026703
1641,58,130,LL,0.08333333333333331
1642,27,25,LR,0.5547565661981427
1645,216,132,UR,0.8919434919339128
1646,121,46,UL,1.2161615655517217
1650,16,226,LL,0.9428090415820634
1651,203,41,UL,0.5202200572599402
1654,180,182,LR,0.7071067811865476
1655,26,150,LL,0.5369219224040952
1657,130,101,LR,0.8831215763257343
1658,89,114,LR,0.684277912320078
1659,113,3,UL,1.0186197282439715
1660,72,143,UL,1.5147350232904369
1662,23,100,UR,0.7981723229949896
1663,127,5,LR,0.567625933640252
1664,28,219,UR,0.6400553911000837
1665,80,231,LR,0.6651351512211471
1666,253,104,LR,0.967026289366209
2764,21,37,LR,1.4610621504242838
2765,82,133,LL,1.1688276609864106
2768,158,80,LR,1.4142135623730954
2769,245,32,LL,1.0920726684458966
2770,187,79,LL,1.5884610966978578
3352,67,118,UL,1.0086330812318234
1668,167,230,LR,0.41612572961543803
1669,116,19,UL,0.8776035685966409
1671,8,5,LR,0.6437334850344761
1672,25,157,LR,0.7562887400919382
1682,49,87,UR,1.3466162101802637
1676,66,90,LL,0.7994881772612229
1677,26,65,UL,1.309497429071927
1678,188,182,LL,1.1625636314478456
1679,199,162,UR,0.7803300858899107
1713,239,156,UR,1.2681933406051702
1683,238,205,UL,0.7856057969340605
1684,42,198,LL,0.7660323462854266
1685,8,158,LL,0.4293413078168276
1687,87,11,UR,0.9944380433988891
1688,215,150,LL,0.893577390366125
1689,160,61,UR,0.5217481109975369
3353,180,5,LR,1.2374368670764582
1690,191,225,LR,1.1869344484646605
1692,162,38,LL,0.8687483709387552
1693,95,230,UL,0.39047243078336386
1694,43,243,UR,1.4142135623730951
1695,110,66,LL,0.5681537898242357
1698,133,97,UR,1.0505501431498512
1699,30,32,UR,1.051401413997285
1702,13,109,UR,0.8994612410377825
1703,108,232,LR,0.48300903374235493
1705,246,49,UL,0.7607260061148342
1706,224,166,LR,1.7241932707588306
1707,138,181,LR,1.3228424349517904
1708,90,8,UL,0.8151695266105606
1710,208,5,UR,0.7725519075212384
1711,188,118,UL,1.2517555948173318
3394,74,26,LL,0.9428090415820634
1714,95,43,LL,0.8639528286268512
1715,0,217,LR,0.6926081360079851
1716,57,58,UR,1.230777891729787
1718,12,35,LR,0.8321067811865476
1719,105,126,UR,1.414213562373095
1720,118,214,LR,1.5616955820034204
2224,248,138,LR,1.1315991005456185
1721,202,128,UR,0.9883655496481505
1723,181,130,UL,0.9344825983869364
1724,164,248,LL,1.0748520666896895
1725,70,155,LR,0.2649413840952582
1726,56,133,LR,0.48914454521721185
1728,50,92,UL,1.0690603946834896
1729,3,121,UR,0.753560529993632
1731,218,164,LR,0.6316499461760072
1732,46,13,UR,1.4104070616998428
1733,161,159,UR,0.5934433619633035
1734,193,49,LL,1.111948359992314
1737,55,40,LR,1.2243656796187599
1738,175,237,LR,1.9023689270621824
1740,180,18,UL,1.1401026370402256
1741,54,231,UL,0.5457046906385493
1742,194,38,LL,0.544762586584024
1743,158,11,UR,1.3149748963878745
1745,53,84,LL,1.202153851996979
1746,120,180,LL,0.8632122306298022
1747,30,21,UR,1.018318226653161
2225,137,61,LL,0.5303300858899107
1748,163,75,LL,0.9524518491255547
1750,5,46,UR,1.632698794045175
1751,193,96,LL,1.3827075625067777
1752,111,222,UR,1.344698347080447
1753,58,23,LL,1.3740501484893841
1757,116,249,UR,0.8122394060953987
1758,146,208,LL,1.1358751192915426
1761,71,29,LR,0.8327200572599404
1762,38,228,UR,1.226155635567108
1763,161,91,LL,1.4536394831234574
1764,235,242,UR,1.3808919444113306
1766,177,85,UR,0.9368468162564308
1767,53,35,UR,0.8683446566690458
1770,73,236,LR,1.2542732963449728
1771,45,204,LL,1.3552879972742162
1772,23,11,LL,0.567555014314985
1773,209,93,LL,0.8654418682122015
1799,131,206,UR,1.804737854124365
1775,142,33,LL,0.4714045207910318
1776,144,226,LL,0.42928303351520625
1777,226,121,LL,0.6709628333460008
1778,106,44,UL,0.9397632069986424
1780,193,216,UR,1.2682021090667732
1781,0,161,UL,1.189847882754335
1784,111,140,LR,0.5348456038400442
1785,55,195,LL,1.4635509088994365
1787,212,129,UL,1.3031532702348967
1788,138,27,UL,1.1761807915066513
1791,69,113,UL,0.5734736999547243
1792,233,159,UR,1.3451779686442458
1795,104,78,UL,0.8598086516702356
1796,167,232,UR,1.2761423749153966
1798,64,255,UL,0.2209280154928233
1802,164,104,UL,1.375010842732201
1803,193,70,UL,0.6642150668032638
1804,89,3,UL,0.9176747239083671
1805,236,158,UL,1.3564558126183057
1807,5,213,LL,0.8163971054308548
1808,89,98,LL,1.2299570207180555
1809,140,158,UR,1.0753156557604513
1810,238,155,UL,1.1192707234037897
1812,2,131,LL,0.46023516394011266
1813,134,5,LR,0.7881086734447071
1814,3,234,UL,0.5558869945468923
1815,223,171,UR,0.7382996658727624
1819,27,65,LL,1.0135340904705397
1820,95,53,UR,1.372758446206187
1825,176,103,UL,1.0871541755330258
1826,6,142,UL,0.7786384022487282
1830,226,108,LL,0.9849232648264546
1831,94,85,LL,0.6519227102748282
1832,199,40,LR,1.230533632940345
1833,174,127,LL,0.35059223176554566
1837,67,103,LL,0.9845153285523698
2226,158,174,UL,1.381134007044688
1838,195,43,UL,0.7618941992267271
1840,113,176,UR,1.123011989207359
1841,121,27,LR,1.4142135623730951
1843,249,171,LR,1.2926084252788599
1844,236,234,LR,1.007267114974178
2428,251,245,UL,0.4546778546922366
1847,101,58,LR,0.8470996703126394
1848,11,156,LL,0.7970144141108593
1849,105,44,UR,1.5783912307791292
1850,57,46,LR,0.8872203153016486
1853,247,144,UR,1.3552879972742162
1854,151,159,LL,0.9449416029314496
1855,101,175,LL,0.915334269825265
1856,71,149,UL,1.1547890850948905
1857,43,57,UR,1.2229697759605886
1858,205,84,UL,0.9730683566237703
1859,138,58,UR,0.8819483210064872
1861,28,173,UR,1.0163900906615724
1862,90,237,LR,1.047461970688584
1863,157,161,UR,1.0129837893010545
1864,232,179,UL,1.0133091822317395
1870,140,33,LL,0.5512714439112091
1871,160,42,UL,0.5584743765054373
1872,57,49,UR,1.4142135623730951
1873,21,132,LL,1.7750355190557652
1876,194,63,UL,0.2357022603955158
1877,164,171,UL,0.0
1880,210,247,LR,0.9165892549424083
1881,160,114,LR,1.308502809475795
1885,68,215,UL,1.550508353281703
1886,188,164,LR,0.9538882189583404
1888,79,96,UL,1.028768462736071
1889,3,91,UL,1.2702786560144144
1891,112,42,LL,0.8814580754405883
1892,134,85,LL,0.3926713811635247
1895,152,10,UL,0.5210898755413534
1896,235,141,LR,0.818533298795958
1898,151,159,UR,1.4903620690345845
1900,229,15,LR,0.7114873467497781
1901,208,188,UL,1.0627080573735148
1902,168,150,LL,0.41247895569215276
1903,131,54,UR,0.4160709275164797
2011,116,247,UR,1.2761423749153964
1907,115,71,UR,0.7201010136871678
1908,75,123,LR,1.0276492597140698
1909,138,195,LL,0.8340860235175855
1911,109,35,LR,0.672588984322123
1912,210,34,LR,1.3664775229821262
1913,233,202,LL,1.1093063567373445
1914,213,229,UR,0.4577714985469824
1916,12,29,LR,1.4142135623730951
1917,156,165,UL,0.5965242703931366
1918,79,7,LR,1.134514034438718
1920,28,122,LL,0.604579149397979
1921,176,228,LL,1.4395963979269248
1923,215,108,UR,0.5470618884345916
1924,138,46,UL,1.0442576806409287
1929,91,45,UL,0.960494327653077
1930,65,29,UL,1.030051938899368
1931,230,75,LL,1.1724626462517644
1932,231,87,LR,1.278393181436719
1933,96,208,UR,0.5999154488753831
1934,59,126,LL,1.3796957655086706
1935,224,166,LR,0.875978284480973
1938,113,78,LL,0.7172007773234804
1939,76,197,UR,1.0999420044745132
1940,142,223,UL,1.0560738829814837
1941,179,68,UR,1.3981508428435427
1946,16,166,LR,0.49170198977523066
1951,40,126,LL,0.868485075622683
1956,20,97,UR,0.400960622926691
1959,58,69,LL,0.9715270250536595
1961,141,225,UR,1.1603639312659726
1962,96,177,LR,0.8898971107703881
1964,179,114,UL,1.0765370714613511
1975,64,216,UL,0.9446824392184854
1977,245,19,UR,2.0
2771,175,137,LL,0.9510223760511399
2773,198,141,UL,1.3149748963878745
2774,234,161,LL,0.5576495813506064
1980,58,169,LL,0.9571155496481504
1985,120,108,LL,0.8587106175871578
2026,144,138,LR,1.2632053423959342
1996,41,246,LL,1.4142135623730951
2005,225,190,UR,1.1797801920022113
2430,176,64,UL,1.4612944921610613
2018,72,212,UR,1.5875023911511168
2021,108,92,LL,1.3049072056357505
2023,231,236,UR,1.0487804626224966
2028,154,190,LL,0.36574487423318075
2029,65,178,UR,0.7532801973417447
2030,229,146,LR,0.6880965688584258
2031,159,180,UL,1.2761423749153966
2033,107,7,LR,1.8396799223780333
2034,58,37,UR,1.4142135623730951
2035,111,136,UR,1.0554358059534508
2051,175,67,LR,1.4113620553243393
2036,235,98,UL,0.8042597483267255
2039,232,191,LL,0.8135717286982688
2040,220,181,LL,0.6401498563228923
2042,105,242,LL,0.8809223176554563
2043,37,77,LR,0.9290937842847314
2044,59,146,UR,0.34971886137494246
2045,96,161,LL,1.3389127211348988
2047,212,6,LL,1.7559223176554564
2048,240,64,UR,1.2445010611230076
2050,199,249,LL,0.6001553790964479
2052,243,0,LL,0.685035999659277
2053,135,52,LL,0.7792919266078853
2055,21,97,LR,0.7750910386968636
2056,174,80,LL,1.7565788145639865
2058,146,83,LR,1.2158389216794636
2059,88,158,UR,1.6056082480251206
2061,134,22,UR,1.1826566750742469
2062,170,196,UR,0.9795876628185165
2063,110,184,UR,1.042428125312522
2064,10,198,LL,1.1725889843221227
2439,35,90,LL,1.000951979096164
2067,118,109,LL,1.0646011195186913
2068,130,74,UL,1.4142135623730951
2069,25,93,UL,0.0536935317229453
2070,240,27,LL,0.3535533905932738
2074,255,185,LL,0.7549652021134066
2075,235,49,LR,1.193506993411149
2076,80,9,UL,0.4714045207910316
2077,180,224,UR,0.8585361296298862
2079,5,125,LR,0.9861359120657517
2080,222,39,LR,1.0389595351060168
2082,20,167,LL,1.4406999994727434
2083,64,99,LR,0.6289150572081803
2086,49,110,LR,0.8542725113612826
2087,145,101,LR,1.138071187457698
2088,96,213,UR,1.4142135623730951
2089,100,45,UL,0.29462782549439476
2091,4,216,UL,1.1594876576718847
2092,22,114,UL,0.6537560622587507
2093,206,126,LL,0.7699549806419029
2094,11,57,LR,0.8552683327654617
2096,99,31,UR,1.4914656705804032
2097,2,87,UR,0.7996828398093799
2731,239,192,UR,1.1282388328224562
2101,169,111,UR,0.5900733524199802
2102,215,199,UR,1.3523095299068724
2103,72,154,LL,1.4142135623730951
2104,108,218,LR,0.7604290671439868
2106,85,128,UR,0.9007773665078167
2145,169,3,LL,1.0792726359923586
2107,24,50,LR,0.9789658733245864
2110,76,110,LL,0.6596411784822466
2111,56,4,LL,1.2175392034744554
2113,62,179,LR,0.6481812160876685
2146,121,219,LR,1.3552285849083399
2114,20,43,UL,0.6805632287731139
2115,51,119,UL,0.9098492358557613
2116,199,194,UR,0.9031241111978967
2118,191,20,LL,0.9933938913052631
2119,4,30,UL,0.11785113019775788
2121,123,9,UR,0.9326990129520932
2122,65,5,UL,0.7410551442855944
2124,85,10,LR,1.093930098174324
2125,63,130,LL,0.9788213227678412
2126,107,206,LL,1.0738807693683545
2127,160,175,UR,0.940492829883264
2129,209,131,UR,1.038240414338008
4170,55,232,LL,0.6698550097958068
2130,236,65,UR,0.6918603433912885
2132,221,90,UL,0.4327041493979791
2133,132,143,UR,1.5670623764689835
2134,33,41,UL,1.6307067363826973
2135,217,152,UL,1.2818953410594673
2137,132,219,UR,0.8086313275395027
2138,148,146,UL,1.3142557756198654
2139,163,245,UR,1.3542245051246886
2140,219,101,UL,0.9081218932062534
2141,73,189,UL,0.615715271780247
2143,118,62,UL,1.0963234770510557
2144,224,125,LR,1.0030681520154405
2161,172,142,UR,1.2997099910651637
2148,118,214,UL,1.5570611699756456
2149,123,53,LR,1.0536996948423394
2150,110,132,LR,1.4142135623730951
2151,142,177,LR,1.2322760080668569
2777,97,110,LR,0.7353321155420498
2778,188,154,LR,0.7845177968644246
2887,116,173,LR,0.6874612941378708
2153,124,2,UL,1.1338834764831844
2154,121,241,UR,0.3089255650988789
2157,114,15,UR,1.5125688925248073
2158,40,71,UL,1.414213562373095
2162,233,1,UL,0.6121229650083275
2164,96,154,LR,0.4857022603955158
2165,179,166,LL,0.749356786526081
2780,203,179,LR,1.0345177968644246
2797,20,229,LR,1.1602375931956137
2167,210,72,LL,0.777772641331892
2168,181,214,LR,1.0852387959558298
2169,81,220,LR,0.7708318127404292
2170,140,155,UR,1.6404311833228171
2172,97,125,LR,1.107225310913532
2173,171,150,UL,1.4980267827401341
2176,54,85,UR,1.0707411612880406
2177,202,27,UL,0.6019282606226645
2178,116,150,UL,1.8678511301977578
2179,207,66,LR,0.9000458452624874
2182,12,82,LL,1.0570908733245858
2183,187,190,UL,0.4415891303113321
2186,176,233,UR,0.7120391475226875
2187,233,109,UL,0.6821084102477922
2189,104,20,UL,0.6968434335382292
2190,101,121,LL,0.9124154488753832
2191,156,16,LR,0.9090632264695868
2192,130,80,UL,1.0434589358298414
2202,243,197,LR,0.9154245872822302
2196,171,87,UR,0.813539595141658
2197,72,132,LR,0.750105844694616
2198,48,57,UL,0.828997519692884
2199,52,228,UR,0.3535533905932738
2201,236,216,LL,1.242343698818981
2204,29,95,UR,1.0720390904344237
2205,108,226,UR,0.7930887909763755
2207,227,11,UL,0.7569605406812734
2208,123,228,LL,0.8558764723929685
2211,160,4,LR,1.4142135623730951
2212,128,94,LR,0.793027496478426
2213,91,186,LL,1.4594007286364803
2214,130,56,UR,1.0706220178373294
2888,177,153,UR,1.4227576126233727
2219,127,122,LR,0.6468415552148326
2220,196,119,LL,0.9937032469161662
2221,172,168,UR,1.0186796030450238
2222,118,172,UL,0.9958422264260122
2781,156,41,LL,0.5452023957056584
2783,59,107,UR,1.4874368670764582
2889,241,47,UR,0.289647862107785
2227,182,60,UL,1.0109349940925951
2229,224,202,LR,0.803720863781263
2230,229,21,LL,0.9726908525108584
2231,164,151,LL,0.6038512601683672
2232,205,51,LL,0.7727170313602533
2234,202,90,LR,1.1420792740290548
2235,37,24,LR,1.1450126754496062
2236,187,18,LR,1.0430139103557943
2237,13,32,LL,1.0827025203367344
2240,144,37,LL,1.3630722160355448
2241,245,179,LL,0.9042118877106871
2243,248,88,LR,0.7506577996125839
2244,12,231,UR,0.718994312038494
2245,140,86,LR,0.9675322163148171
2246,145,109,UR,0.5070678260622663
2784,92,2,LL,1.467866409966677
2248,122,109,UL,1.114356643792568
2249,165,100,UL,0.25302103362878053
2250,64,71,LL,1.2738639812946915
2251,135,176,UR,1.4142135623730951
2253,132,169,LR,1.7268137063834927
2254,205,247,LL,1.1736706566325665
2256,136,29,UL,0.9060791440584457
2257,155,11,LL,0.8573627734146321
2258,194,137,UR,0.6621677550354931
2259,205,235,UR,0.6052259044863483
2261,247,133,LR,0.6571034565087785
2262,200,90,LR,1.0893702641450087
2263,169,43,LL,1.1089186749606728
2264,188,15,UL,1.1431086648494775
2266,49,242,LR,0.8775811341058791
2267,17,51,UR,1.2991542394916797
2268,63,11,UL,1.7559223176554561
2269,5,154,LR,0.9174165545434408
2272,44,188,UR,0.5704348686936767
2273,12,69,LL,1.1826566750742469
2274,44,22,UR,0.5453257773234804
2275,161,52,LR,0.5107269367190802
2276,226,109,UR,1.2480966649630518
2285,207,19,UL,1.447198354617417
2278,175,238,UR,1.2609326970405035
2279,160,51,UL,0.6311745417898388
2281,142,51,LL,1.1103743630186294
2282,231,43,LR,1.3941351629611551
2284,163,215,LL,0.5941413137923892
2289,90,165,LR,1.016988504565755
2290,168,28,UL,0.8600983322776439
2291,8,64,LL,1.3523691763243342
2292,251,223,LL,1.1195857368787003
2294,211,164,LL,1.2761423749153966
2295,234,224,LR,0.7903055075753105
4171,96,1,UR,1.311151890291669
2296,170,108,LR,1.1982491161687763
2297,60,138,LR,0.8692806032721725
2299,14,198,LR,0.9303299612588347
2300,167,105,LL,0.8526447493909893
5544,33,45,UL,1.5925034274073873
2303,110,162,LL,0.6747726520109585
2304,110,60,UR,1.00833521165673
2305,22,9,LR,0.605557433878952
2306,68,93,LR,0.580324700181873
2308,169,47,LR,1.7580609944772816
2309,5,205,UL,1.410197882490707
2311,26,166,UL,0.9459885306750782
2312,249,147,LL,0.7946278254943948
2313,161,55,LL,0.810035999659277
2314,174,23,LL,1.0160323462854266
2316,177,194,UR,0.8581148784369709
2317,106,139,UR,0.9104851804715017
2320,119,17,LL,1.3164131379238921
2321,48,212,UR,1.367597257916989
2326,48,47,UL,1.7510384627453979
2327,227,218,UL,0.9838155954213192
2328,162,123,UL,1.1351559985235338
2329,5,149,LL,1.181937554306238
2332,75,86,LR,1.1956008488984062
2333,246,157,UL,0.5828821447398917
2335,189,126,UR,0.46129449216106144
2336,243,225,UR,0.8990500238583086
2338,171,243,LR,1.1394297040546306
2339,179,103,UL,0.7469541710845745
6641,69,240,UL,1.8851052004742013
2341,183,6,LL,0.8327200572599405
2342,234,199,UL,1.21789359270668
2345,3,185,UR,1.4164023665078167
2346,242,98,UL,1.5466457478713374
2347,163,242,LR,1.2582035401752159
2732,73,103,UR,1.6925531111275334
2348,98,89,LL,1.2840738723024172
2351,70,203,LR,0.9212405549876836
2352,149,54,LL,0.6646450864577823
2355,90,173,UR,1.3466162101802637
2379,133,48,UL,0.25
2356,240,114,LR,0.8984666851854418
2358,212,68,LR,0.9888050770712442
2359,182,228,LR,1.0927789795504612
2361,191,90,UR,0.8729784197911155
2362,63,169,LR,0.5511166890332283
2402,67,95,UR,1.035917332538313
2363,143,195,LR,0.8786975614778776
2364,30,221,LL,0.7330150160592152
2366,250,29,LR,1.4936728736720408
2367,237,8,LL,1.2809474830716718
2368,190,254,UR,1.4919647321889613
2369,253,54,LL,0.7574803087935787
2372,164,152,UR,1.0826988883210171
2373,85,25,UR,0.5583509948876153
2376,69,153,UL,1.2243656796187599
2377,211,219,LL,0.8172571447398916
2378,99,80,LR,0.41247895569215265
2381,161,64,LL,1.2043149472127295
2382,163,106,LR,0.7653537764253036
2384,137,166,UL,0.1767766952966369
2385,247,179,UL,1.181805404226813
2420,240,108,LL,1.5676141772418928
2386,201,225,LR,0.639024670984031
2387,196,59,LL,1.340869029387784
2391,103,177,UL,1.091012670329763
2392,154,57,UL,0.7576124483782638
2393,131,223,LR,1.4450475912763843
2394,0,200,UR,1.4307675855603754
2396,169,251,LL,1.4146216898785546
2397,179,133,UR,0.604090919185631
2398,59,223,LR,1.4395963979269246
2399,173,207,UR,1.4194254211581434
2401,176,185,UR,1.0275523432941107
2404,247,39,LR,1.4267766952966368
2405,181,249,LR,1.1976172926614044
2406,242,186,UL,1.853553390593274
2407,156,77,UL,0.8226348295846104
2409,22,69,LL,1.3471827988179528
2410,133,46,LL,1.2374368670764582
2413,212,102,UR,0.11991504828448869
2414,242,86,LL,0.9243991253560965
2419,229,59,UR,1.45112371704284
2422,178,229,LR,1.1840498296739919
2423,115,197,LR,1.3291456223588194
2424,86,3,LR,0.5195819802319074
2425,252,247,UL,0.8249579113843054
2427,34,7,UR,1.1445655813070577
2429,253,116,LR,0.8563064920474872
2432,193,179,UL,0.6467181735970107
2433,117,213,UL,0.9762267566843887
2434,87,76,LL,0.7629198038863738
2435,86,164,UL,0.9953523319704415
4054,3,159,LR,1.676947285702386
2438,233,84,UL,0.6005946619732159
2785,195,252,LL,1.1299352647128802
2786,134,212,UL,1.0684223176554561
2788,131,227,LR,1.0884518544650879
2789,237,1,UL,0.5911115117020056
2440,235,193,LL,0.4785533905932738
2441,47,207,LR,0.6713262355861542
2443,69,186,LL,0.7559223176554561
2444,68,164,UR,0.9841318687800731
2446,112,74,UL,1.4142135623730951
2447,210,32,LL,0.9369713996822997
2448,18,65,UR,0.9612521542832152
2449,160,50,LR,0.8224990474894683
2451,165,44,UR,1.038113400704469
2452,203,248,UR,0.9287492006823578
2453,197,1,LR,1.3940176837536662
2454,242,183,LL,1.1278310878456455
2456,192,54,UL,1.2738639812946915
2457,115,12,UR,0.5426748885481658
2458,184,38,LR,0.24999999999999994
2459,228,57,LR,1.1440590216154796
2461,192,142,LR,1.3678511301977578
2946,54,61,LR,1.330731759100763
2462,155,115,UL,0.8776756897299549
2463,159,92,UL,0.9380394963648516
2464,126,142,UR,0.8875266183907525
2466,96,133,UR,1.8982715972884256
2467,168,171,UR,0.4099284183872449
2468,188,18,LL,1.1026210760058643
2469,127,216,UR,0.9241720847050031
2471,246,123,LR,0.4045138888888889
2472,135,129,UR,1.3445710574163625
2476,160,245,UR,0.9542901729155645
2477,19,158,LR,0.3888078451489133
2479,88,131,UL,0.8051678737788833
2480,173,13,UR,0.9523671733698618
2481,181,152,LL,0.5809739863739193
2482,155,5,UR,1.4089189099644273
2483,99,111,UR,0.8283418258351178
2484,52,216,UR,1.5554507907834993
2485,193,247,UR,0.520641887946774
2487,235,225,UL,1.2835222894183584
2488,42,125,UL,1.0713499070669412
2489,77,143,LR,1.308502809475795
2490,89,9,LR,1.0095478588960265
2493,128,75,UR,1.3811340070446882
2494,12,35,LR,1.394135162961155
2495,253,113,UR,0.9301510067508626
2496,75,161,UR,1.5658785762129126
2498,11,111,LL,0.5684398545786624
2499,156,118,UL,0.9840719939790208
2501,166,119,LR,1.7863176488438908
2502,75,207,UR,0.4957244760147227
2503,224,240,UR,0.20118446353109126
2504,0,2,LL,1.2541898385600623
2528,158,34,UL,1.4142135623730951
2507,11,41,LL,0.7357022603955158
2508,90,60,LL,0.5458317042720886
2509,196,53,UR,0.6080302026812782
2510,98,65,UL,0.829665869069036
2512,113,154,UL,1.4545377287072325
2513,149,136,LR,1.2502540272670783
2515,93,148,LR,0.7054591263239096
2516,222,250,LL,1.1923454525113015
2517,41,223,UL,0.8628632547152596
2518,109,182,UR,0.793547328334523
2791,117,246,UR,0.9254482492558094
2520,99,112,LL,1.3796957655086708
2521,185,18,LL,0.798315852546222
2524,241,19,UL,1.0261423749153968
2525,244,239,UL,0.5690355937288492
2529,206,244,LL,0.9652215349924425
2530,147,198,LL,1.1036086180410916
2531,153,144,LR,0.20118446353109126
2792,21,8,UR,1.1265544342021878
2793,117,181,UR,1.148857998977831
2794,96,133,UL,0.7109666851854418
2798,0,30,UL,1.5975903412273977
2533,67,27,UR,0.8235883131109432
2534,91,51,UR,0.4623214261163384
2535,184,183,UR,0.8984666851854417
2536,153,39,UL,1.7150988765188573
2540,250,41,LR,0.5570996417861892
2541,60,16,UL,1.0341213466261496
2543,103,209,UL,1.4163385037539744
2544,133,241,UL,0.8059081634858154
2545,155,188,UR,1.26332179010317
2546,146,190,LL,0.9372384012526211
2548,129,219,LR,0.6913458182888713
2549,176,50,LR,1.488161124290353
2550,145,214,UR,1.1723122836859527
2551,13,117,UL,0.6600025548741096
2554,27,2,LL,1.0345177968644244
2555,93,43,LL,0.9489974882793911
2557,214,158,UL,1.3469060287699954
2561,30,230,LL,1.314006608768128
2562,157,120,UR,1.0452276752582101
2578,203,17,UR,0.9296655788459921
2564,118,81,UL,0.8809610235175857
2565,181,201,UR,0.6968388709182659
2569,56,238,LR,0.8904242066579195
2570,19,114,UL,0.8376816273576297
2572,251,23,UR,1.0332912447176388
2573,229,130,UR,0.631775433548647
2574,176,174,LR,1.239292791533466
2575,156,223,UL,0.0
2577,92,170,LL,0.5424896805195324
2648,68,125,LL,1.467186436572392
2579,233,131,UR,1.2646364426272552
2580,144,89,LR,0.8999049267214594
2583,155,190,UL,1.3804148862766794
2584,12,132,UL,1.0296109651219019
2585,184,53,UL,0.4806484212311023
2586,247,227,LR,0.6604026371281018
2590,212,248,UL,0.9347776818172872
2591,87,73,LL,0.8574379147442743
2593,159,27,UL,0.979636987856001
2594,178,81,LR,1.2691291806442944
2596,31,161,UR,1.0850826746300037
2597,63,172,LR,1.083418009089026
2599,151,204,UR,1.5391356824797664
2600,225,134,UL,1.0082329989778311
2601,208,66,LR,1.3089678924819854
2602,68,3,LR,1.0264110512236806
2604,214,232,UR,0.9463674439901469
2605,203,128,LL,1.6666666666666667
2606,239,149,UR,0.753556897977915
2607,88,245,UL,0.9887532314248226
2609,172,222,LL,0.8934154570312324
2610,186,253,LR,0.673840337423549
2677,120,47,UL,0.7964062744833523
2611,93,156,LL,0.5812394778460763
2612,161,199,UL,0.5167865408998474
2614,116,145,LL,1.2251830089501425
2615,17,0,LL,1.5341527941248398
2616,112,200,LR,0.5938434442172957
2617,197,122,LL,1.0033736415590406
2621,2,141,LL,0.8879865117020056
2622,239,190,UL,1.1158213400317087
2626,99,215,LR,1.1463728296981848
2627,231,240,UR,1.6178280475766431
2628,230,203,UL,0.1928017775506291
2629,2,115,UR,0.7818905177304433
2631,73,100,UR,1.3451779686442458
2632,46,121,UL,1.5044905475289503
2633,223,57,UL,0.6490200864577822
2634,129,45,LL,1.7071067811865475
2636,127,112,UR,0.8023602042772975
2637,19,177,UL,1.4480812699288104
2639,12,177,UR,1.7755873198286747
2640,112,151,UL,0.515616231538397
2641,107,247,UL,0.9742934043403872
2642,47,87,LL,1.1331607236994587
2644,101,57,LR,0.8868109593306669
2645,70,93,LR,1.0770918819358488
2649,119,197,UR,1.2539876464446653
2650,50,195,LR,1.1610830520339812
2651,197,66,LL,1.1299352647128802
2653,53,183,LR,0.6677371935568887
2654,29,113,UL,0.9826795253712973
2656,224,95,UL,1.0438312930021276
2657,36,198,LL,1.2971108042859518
2658,42,238,UL,1.0919087092627136
2659,112,55,LL,1.1773189301592757
2665,151,32,UL,1.5854355698609008
2666,220,106,LR,0.7912191100889421
2667,100,36,LR,1.5949606746400582
2668,8,228,UL,1.184149458000162
2670,6,8,LL,1.3898524815084456
2671,61,234,UL,0.624867849920575
2674,106,43,LR,1.3596889448224425
2675,175,144,LR,0.6843995126359349
2676,27,2,LR,1.020891352593889
2681,218,58,LR,0.7576809270011209
2682,155,3,UR,0.3943375672974064
2683,202,107,LL,1.6136634192232435
2684,182,134,LL,0.9703327920927629
2687,165,34,LR,0.787526600323679
2688,6,228,UR,1.7521644083807115
2690,133,246,LL,0.7693863233357126
2691,38,85,UR,1.2128917904859622
2693,244,41,LL,1.0815322109752836
2694,30,212,UR,1.259696041468489
2698,101,189,UR,0.8464045207910318
2699,254,72,UR,1.1345390904344237
2700,57,206,LR,0.5508319802319073
2701,198,250,UR,1.177409635878784
2703,98,194,LL,0.7733361993492397
2704,182,247,LL,0.9002539026360024
2706,125,9,UL,1.4142135623730951
2707,6,255,UR,0.6993683934293091
2714,15,57,LR,0.5938434442172957
2708,172,51,UR,0.5020551496251277
2709,178,173,LL,0.8412560622587508
2711,109,92,UL,1.215017109634645
2712,234,101,UL,0.9459074869351024
2713,189,110,LL,1.1839860250618448
2722,35,68,UL,0.914460708137388
2715,171,53,LL,0.6352545791867154
2716,27,70,UL,1.1833757958422557
2717,2,43,UL,1.053315719319916
2718,88,73,LR,0.6313822747105009
2719,175,185,LL,0.6855506950694883
2721,87,88,UL,0.6734190862306337
2724,198,191,UR,1.092778373399068
2726,180,231,UR,0.9146927310893085
2727,225,89,UR,0.7643440444456402
2728,106,153,LR,1.2243656796187599
2729,184,41,LR,0.8203029793233126
2734,4,48,UL,0.795432536459607
2735,250,194,UL,0.8191801442855939
2738,136,115,UR,1.0576660125350283
2739,9,175,LR,0.9404012840266756
2741,129,37,LL,0.8063063845313158
2742,36,227,LR,0.9210273611682833
2743,40,53,LR,0.7016356521245329
2744,188,112,LR,1.1212459406957216
2746,93,191,LL,2.0
2747,191,209,LR,0.8816932146580997
2749,19,115,LR,1.1689546746199495
2750,198,91,UL,0.9500988299253337
2800,116,74,UL,0.6600340023728002
2801,28,91,UR,0.5715507004090215
2802,197,3,UR,0.7628331926836573
2803,227,187,UR,0.9167936803002058
2805,200,236,UR,1.3473353309482725
2806,148,22,LL,0.8148478827543351
2807,13,67,UL,0.8384068950822976
2808,254,158,UR,1.0329086993868524
2810,51,206,UR,1.1868340969942535
2811,68,55,UR,0.5470618884345916
2812,115,138,LL,1.1826566750742469
2813,42,165,LL,0.6245459453552887
2857,99,79,LR,1.5155638281628894
2816,77,206,UR,1.0472972617036884
2817,77,136,LR,1.7161059232497848
2818,80,76,LR,1.083871627890138
2819,4,206,LL,1.4138397321889613
2821,145,23,LR,0.8093592167691146
2822,123,85,UL,0.49694902897069315
2824,133,135,LR,0.6593856467849994
2825,192,56,LL,0.8892570078940644
2826,253,74,LR,0.35277076300849536
2827,3,82,UL,0.32981000477166167
2829,6,246,UR,1.055175536501702
2830,149,19,LL,1.1320334221110393
2833,210,108,LR,0.9107939509204909
2834,40,101,UR,1.2761423749153968
2858,148,110,LL,1.265573447322211
2836,145,12,LR,1.3332827112597905
2837,249,21,UR,0.9331078636676884
2839,255,133,UR,0.4015563620768779
2840,222,169,UR,1.1327007666444138
2841,226,197,UR,0.9375635068167696
2842,145,172,UL,1.4755018933191004
2844,40,63,UL,0.7293590321627321
2845,218,54,UL,0.7889171972281706
2852,141,41,UR,1.7559223176554561
2853,84,19,LL,1.3401441232681839
2855,187,50,LR,0.7978493974241904
2856,218,56,UL,1.231802773179298
2860,81,164,UL,1.0971659794368869
2861,163,119,UL,0.6116467946577115
2865,238,154,UL,0.9657449988642567
2866,199,111,LL,0.6652196566690459
2867,124,97,LL,1.530821538865953
2868,54,72,UL,1.5589255650988787
2871,198,129,UL,0.8921179798911844
2872,100,14,UR,0.8662895070439183
2877,182,160,LR,1.590527981731865
2878,17,23,LR,0.5604871882527187
2883,147,227,UR,1.4142135623730951
2884,21,161,UR,1.381561208228993
2885,231,181,UL,1.0797026556468772
4589,169,18,LR,0.7422256981933704
4590,51,228,UL,1.2689511672353082
4629,208,61,LR,0.9121812564248534
2890,101,15,UR,0.7803300858899106
2893,188,145,UL,0.8321454870486765
2894,76,234,UR,1.1048295446493401
2895,24,14,UR,0.9757179798472461
2896,161,19,LR,0.9605965403319757
2899,90,149,LR,1.0376235062488979
2900,183,124,LR,0.826154526130565
2902,26,123,LL,0.3987309853442918
2903,232,215,UL,1.8047378541243648
2962,6,170,UR,1.1869713996823
2904,72,233,UL,1.3679137863168083
2905,210,48,UL,0.5121886974951643
2907,176,75,LL,1.3566839009323874
2908,116,175,UR,0.8099250185187752
2909,9,51,LR,1.1892397431268282
2910,27,221,UL,0.9299318943583931
2912,243,187,UL,0.7820837339242277
2913,56,246,LL,0.5453257773234804
2914,201,247,UR,0.539039892788072
2915,235,230,LR,1.2249388672194428
2917,244,116,UR,0.5
2918,26,215,LR,1.804737854124365
2919,181,35,LL,1.25317284821696
2920,236,25,UL,0.6279188209498817
2923,17,160,LR,0.6454033136788149
2924,113,232,LR,0.8491312207911736
2925,191,221,UR,0.595244915338208
2926,180,13,UR,0.5209310794615314
2929,85,222,LL,0.8746758250400973
2930,173,20,LR,0.8430432797093113
2932,224,65,LR,0.8335837285846944
2933,102,41,UL,1.5575219672336693
2936,242,210,UR,1.2273268384464882
2937,137,72,LL,0.6104255597593456
2938,4,106,UR,1.062805351495378
2939,74,225,LR,0.7331236468985739
2941,179,54,LL,0.807352642379759
2942,210,145,UR,1.0009819164966904
2944,151,114,UR,0.0
2945,210,170,UL,0.7848654168258618
2947,142,195,UL,0.941543075684497
2949,38,131,UL,0.6754618353784412
2950,154,200,LR,0.4784176084981316
2953,102,122,LR,1.345177968644246
2954,26,49,LR,0.92864858850289
2955,165,243,LL,1.7559223176554564
2956,12,231,UR,1.1455100518254617
2958,201,40,UL,0.630046245853382
2959,8,124,LR,1.0955847773488152
2961,5,223,LL,0.9136916029314496
2963,241,146,LL,1.0768174041132386
2964,208,1,LR,0.11785113019775782
2966,101,149,LL,1.0946895786188438
2967,251,128,LR,1.0319340469215967
2968,190,172,UR,0.8736158107612282
2969,186,50,LL,1.0805415260169906
2971,42,235,LR,0.9073604345603982
2972,137,57,LL,0.8514866806938051
2974,135,67,LL,1.4113940613933669
2975,34,213,LR,1.1224761248582247
2978,240,23,UR,0.7936061078915307
2979,181,147,LR,1.3279190702120336
2980,247,109,UR,0.8012125739529343
2981,41,125,UR,1.1150717233587355
2984,228,8,UL,0.6056472460805309
2985,192,157,UL,1.467186436572392
2989,72,7,UR,0.8203205162465187
2990,71,12,LR,0.4714045207910316
2993,230,184,UR,1.0914452105932186
2994,141,10,UL,0.868250361754031
2996,121,227,UR,1.1481388782098223
2997,27,122,LL,0.8580725405591245
2998,76,168,LR,0.9728339938654463
2999,3,78,LR,1.595594620064983
3004,34,172,LL,0.46407753101580096
3005,103,92,LL,1.2035594813784745
3006,202,35,LR,0.5027091630769358
3007,54,77,UL,1.1013960282892472
3013,28,20,UL,1.2150171096346447
3014,50,4,UL,1.285460954184035
3015,226,3,UL,1.1812184335382292
3016,196,109,LR,0.8434433619633035
3026,252,26,UR,1.1309646555333028
3019,225,38,UR,1.0381170327201859
3020,143,14,LL,1.4142135623730951
3021,156,199,LR,0.6858039297146439
3022,182,192,UR,1.3206402940675073
3025,221,230,UL,0.921927170099274
3035,83,154,UR,1.3040348400879251
3028,6,123,UR,1.279347334858237
3029,241,236,LR,0.9743656796187598
3032,9,131,LL,1.3612763947631799
3033,62,215,UR,1.1480702349471665
3037,157,109,LL,0.869894554908746
3038,32,66,UL,1.1664642623304153
3040,75,34,UL,0.9415452880033173
3041,72,34,UR,0.9724091106568138
3043,235,26,UR,1.2429778621327563
3044,156,186,UR,0.07184856998411501
3045,187,147,UL,0.8467235593050483
3046,230,228,UL,1.2761423749153966
3048,244,93,UL,0.8635955200943051
3049,189,49,UR,0.8369323084800336
3050,134,58,UL,1.0272367769827573
3051,183,47,LL,0.9774341875712727
3053,42,227,UR,0.03687958452624877
3054,184,130,UR,0.8881310622587508
3056,44,88,UR,1.1424386084098919
3057,215,214,UR,1.3391889859274697
3059,30,199,UL,0.5526491350829941
3060,152,207,LR,0.9828681152013268
3061,235,123,UL,1.8047378541243648
3062,158,51,UL,1.6555262213840163
3064,95,148,UL,0.9901470083386963
3065,198,176,UL,1.5701544408137778
3067,180,162,UL,0.8435254162140523
3068,96,217,LR,0.5358072658393218
3070,217,62,LL,1.4142135623730951
3071,82,237,UL,1.1495771197458398
3073,110,185,UR,1.33714660887947
3074,161,114,LL,0.9957823516249598
3075,53,207,LR,1.4252033367339174
3076,13,48,UR,0.8249579113843054
3080,147,185,LL,1.4142135623730951
3081,107,252,LR,0.13465824437987509
3082,15,59,LL,1.2047144604675437
3083,77,76,LR,1.8535533905932737
3085,150,111,LR,0.718392255623854
3086,241,153,LL,1.2243656796187599
3087,224,9,UR,1.1007615832769313
3088,219,149,UL,0.9824169266078852
3090,52,158,UL,1.5582439330634679
3091,52,121,UR,0.9570323839906218
3133,162,177,UR,1.5847030542675342
3094,24,212,UL,1.1273478827543353
3095,129,87,LR,1.147383401880827
3096,97,39,LR,0.3814792548742515
3097,107,151,UR,1.2919102079139688
3099,46,168,UR,1.2013538150424767
3100,213,62,UR,0.7956747532380233
3101,69,39,UL,0.8747955746422024
3102,108,18,LR,0.8770644233421171
3104,109,227,UR,1.368585044498542
3105,215,80,LR,1.3018262972059178
3107,229,73,UR,1.0364591525468325
3108,127,250,UR,1.148857998977831
3110,55,42,LL,0.5892556509887896
3111,185,240,UL,0.996910323108564
3113,182,52,LR,0.7684751776872261
3114,176,81,UR,1.181937554306238
3115,135,137,UR,1.2603217180192021
3143,3,52,UL,1.1229660992203223
3116,133,181,UL,1.4142135623730951
3118,240,197,UL,0.4124789556921527
3119,31,151,LL,1.1640442108617095
3120,151,210,UL,1.0215120201862995
3121,95,91,UR,0.9428090415820634
3123,38,196,LR,1.0606601717798214
3124,155,183,LR,0.9082912447176388
3152,202,129,LL,1.3080012376871404
3127,120,118,LL,0.7675816432004777
3128,208,236,LR,0.0
3129,235,143,LL,1.022973158714154
3130,148,21,LR,0.36108834167275683
3132,191,164,LR,0.9314070766173105
3135,177,33,UL,0.7904664199046899
3136,126,189,UL,0.6017961105432394
3138,55,71,UR,0.6424457868668038
3139,174,191,LL,0.61244713996823
3140,231,255,LL,0.5470618884345916
3141,244,38,LR,1.013428931833844
3144,203,144,UR,0.7707124723244484
3145,181,173,LL,0.9456654243017448
3146,191,49,LR,0.9828170088618774
3149,31,160,UR,1.4776101541424884
3150,6,28,LL,0.1178511301977579
3151,253,98,UL,0.5463427676665827
3154,84,135,UL,1.4626644043925363
3155,55,147,UR,1.1626272125031467
3157,167,155,UL,1.0295686272440554
3163,148,229,LL,1.299188372239106
3166,29,125,LL,1.411394061393367
3167,69,213,UR,0.5532784436494241
3171,102,11,LR,0.8480303844006176
3172,41,5,UR,0.3751657194956684
3174,54,193,LR,0.9084482699902356
3175,122,249,LR,0.9682412869066491
3176,70,55,UL,1.0649089327059593
3177,246,60,UL,1.5883631802618656
3197,78,66,LL,1.210656574946082
3179,33,64,UR,0.3535533905932738
3180,66,145,LL,1.6582912447176388
3183,233,213,LL,0.5892556509887895
3184,113,191,UL,0.4795304837609398
3186,64,88,UL,1.2874948816211877
3187,111,239,LL,0.7878564226528493
3188,98,203,UL,0.4090753767325859
3189,120,179,UL,1.5852421301102708
3191,235,160,LL,0.4959532075665141
3192,80,172,LR,0.810148751607004
3228,214,27,UR,0.9918271422002777
3194,112,204,LL,1.3796957655086703
3195,99,122,UL,0.8109719462624034
4593,117,104,LL,1.8678511301977578
4594,237,11,LL,0.8884501007727672
3198,120,21,UR,1.0340490713477768
3199,70,244,LR,1.4072830228361397
3200,50,175,LL,0.6816572216543505
3203,130,13,LL,1.1524501306152122
3204,1,213,UR,1.4944288600831666
3206,108,112,LR,1.3198877104472577
3207,136,215,LL,0.6725247914474329
3210,13,17,LR,1.394135162961155
3211,34,50,UR,0.7188171388324867
3212,71,226,UL,0.8638482656468096
3265,49,43,LR,0.0
3213,146,147,UL,0.874224636446656
3217,52,92,LR,0.9324750933933348
3218,106,148,LL,1.2074952926714588
3219,121,211,UL,0.4879194975005948
3220,54,149,LL,0.6937507041249941
3223,228,240,UL,1.3392556509887896
3227,50,141,LL,1.1267609120657514
3290,100,46,UL,1.877961158827728
3229,46,33,LL,0.7935808977507661
3230,117,182,UR,0.8243884776189276
3232,128,110,LR,1.171869863554114
3233,128,188,UL,0.3089255650988789
3234,106,133,UL,1.0588269844356974
3235,127,96,UL,0.9272614533063219
3237,63,93,UR,0.7983014262206111
3238,226,138,LR,1.5295469482230013
3241,89,81,UR,1.926776695296637
3242,155,227,LR,0.8741440817993315
3291,65,204,UR,0.90279978691968
3244,220,15,UL,1.1864441924040214
3245,32,107,UL,1.102076443195127
3246,98,114,UR,1.1785113019775793
3247,127,71,LR,1.786571580041707
3248,154,128,UR,1.1584059321123896
3250,171,213,UR,0.7752164356682363
3251,170,66,UR,0.9488226758692669
3307,62,145,LR,1.1685733044397348
3252,187,48,UL,1.1766394087713261
3253,18,217,UR,0.663846432047962
3256,199,60,UL,0.6351611349694195
3257,9,116,LR,0.2755393717337756
3259,60,50,LL,0.8986623420816364
3260,22,255,UL,0.7475930084090598
3261,159,168,UR,0.6423307483617253
3262,209,251,UL,0.444014424789926
3264,222,69,UR,0.20537234481339917
3269,253,54,LL,1.217873896713706
3270,85,22,UL,0.963689849239129
3271,29,54,LR,0.9092746656444978
3272,148,48,LR,0.4234028890977978
3274,233,18,LL,0.0
3275,201,198,UL,0.5114971638265385
3276,115,54,UR,1.584265047437345
3277,178,1,LL,0.8226012601683671
3279,192,134,UL,1.1753603515117745
3280,73,92,UL,0.9124789556921526
5205,219,157,LR,1.4650954842227213
3283,251,154,UR,0.959162845253186
3284,5,192,LL,1.06447090488629
3285,219,139,LL,1.6265815055514443
3286,157,114,UL,0.2524396304029375
3288,138,0,UR,0.5205756054800016
3289,243,172,UR,0.8976875088138466
3293,245,77,UR,1.1323182213136276
3294,65,186,LL,1.0266139559885743
3295,136,91,UL,1.3759395786188438
3296,204,233,LR,1.0582487822087168
3300,98,80,LR,0.8003472222222223
3301,107,220,UL,1.0424190114085863
3302,86,135,UR,1.0535675447629145
3303,13,115,UL,1.025885146649456
3306,221,35,LL,0.43380218348105687
3310,5,106,LL,1.2214045207910318
3311,135,26,UR,1.1660781915479141
3312,186,118,UR,0.9448978348619661
3313,204,239,UR,1.0821067811865472
3582,226,177,LL,1.2150282816464428
3315,154,27,UR,1.1756941617937346
3316,53,6,LL,1.0725625543062378
3317,126,103,LL,0.6396080096568977
3318,182,121,LL,1.0340298273611375
3894,47,204,UL,0.802800843107171
3322,214,144,UL,1.0057886413151318
3323,50,223,UL,1.118959953763985
3326,61,136,LL,1.626105059170283
3327,12,220,UR,0.7929702270195822
3329,188,120,LL,0.392258898432212
3330,114,210,UL,1.4142135623730951
3331,8,245,LR,0.8375273777350354
3332,170,131,UR,1.3227969065698217
3334,228,210,UR,0.8784486924874159
3335,116,169,UL,0.7658853388635359
3337,56,142,UL,1.0374202560416719
3338,59,114,UL,1.0190351512650853
3339,115,42,LR,1.4755488413979665
3340,187,69,UL,0.9918240953464739
3342,125,177,LL,0.5258427183703429
3343,52,252,LR,1.031049206657919
3344,14,71,LL,1.0152421092268813
3345,195,6,LR,0.900731827631108
3347,29,91,UL,1.2243656796187599
3348,171,198,LR,1.0637953713852306
3355,135,36,LL,1.2374368670764582
3356,145,11,LL,1.0871712871073724
3357,80,81,LL,1.0833333333333333
3358,71,30,UR,1.3451779686442458
3360,201,15,LL,0.9316509471442094
3361,138,54,LL,1.04921644843114
5652,160,215,LR,1.4637320490687533
3364,227,115,LL,1.5108327814136961
3365,181,106,LL,1.3738697314643045
3368,174,34,LR,0.7021370963597049
3369,53,236,LR,1.2741986212848901
3370,176,26,LL,0.989319267226069
3371,76,104,UL,1.1676135568980013
3374,100,81,LL,0.29462782549439476
3375,244,52,LL,0.95696853173152
3380,44,201,UL,0.4714045207910318
3381,6,39,UR,0.8816303834045105
3382,200,90,LL,1.0316026079302598
3383,90,73,UL,0.5275434150194538
3385,46,41,UR,0.7199192141174059
3386,171,191,UL,1.0407168151560509
3387,182,106,LR,0.569276183350359
3388,68,175,UR,1.1704038646109194
3391,215,250,UL,1.1560128510969334
3392,163,141,LR,0.7743690623723251
3393,71,67,UL,1.2944606015685578
3396,118,173,LL,1.5320355735425748
3397,51,155,LL,0.17276101541424888
3398,206,34,UL,2.0
3399,169,136,LL,0.8994836755285441
3402,255,189,UR,1.1641763609411346
3403,135,25,UL,0.620092147251964
3405,253,40,UL,0.45607459855338706
3406,168,51,UL,0.4339609795608791
3407,21,131,LR,1.4142135623730951
3408,239,58,UR,1.238748094978937
3896,170,21,UR,1.3535533905932735
3410,14,60,LR,1.1296797330156332
3411,160,239,LR,1.0832914902161335
3412,74,112,LL,0.7660323462854264
3413,238,112,UR,0.8087211397410814
3415,182,95,LR,0.9448315362324584
3416,22,223,UL,0.927349989461322
3418,49,22,UL,1.303330135150787
3419,144,122,LL,0.771470224716055
3421,197,81,LL,1.1482571233817582
3422,18,166,LR,0.8443152859995342
3424,145,39,UL,0.41665789820506355
3425,125,226,LR,1.0075438156103484
3426,99,39,UR,0.8591106998411498
3427,124,241,UL,1.4466335948627493
3429,181,70,LL,0.8027691348994198
3430,67,15,UL,0.8618039264943108
3432,66,209,UR,0.0688960149781913
3433,159,21,UL,0.8665063328790361
3434,102,145,LL,0.26091019313795466
3435,231,69,UR,0.6076301204272858
3437,223,252,UL,0.4151236813480728
3438,144,233,LR,0.9986447328242369
3440,151,236,UL,0.9714767960694042
3441,160,71,LL,1.3919208185648206
3444,103,61,LL,1.2527705698068832
3445,111,45,LL,0.8922588984322123
4697,228,1,UL,1.3091766729997372
3447,64,161,LR,0.9847005260862634
3448,56,156,LL,0.6091494057032791
3450,210,222,LL,1.3207702004097917
3451,211,49,UL,1.0576639971814774
3452,26,237,LL,1.1487776146383004
3453,56,35,LL,0.775889693106684
3456,96,116,LR,0.7775857528973003
3457,161,39,UR,1.1668360181780522
3458,181,121,UR,1.9023689270621824
3459,160,23,UL,0.6453162771272388
3462,214,204,LR,1.1664994427408295
3463,255,154,LR,1.1854587399608767
8220,135,198,LR,0.956056221427202
3464,235,86,LR,0.4081437320403616
3465,177,18,LR,1.1103992543745365
3467,1,203,UL,1.0303089169509874
3468,139,47,LR,0.9957819157813602
3470,176,85,UR,1.3216454529324675
3471,154,95,UL,1.1326408918433615
3472,204,207,UL,1.0792726359923586
3473,124,219,LR,0.8743833421252108
3475,153,245,LR,0.8820093871208465
3476,10,249,UL,1.1872904381963163
3502,176,92,UL,1.4517360149309304
3479,153,163,LL,0.4407378594638982
3480,197,83,UR,1.0160323462854264
3481,80,38,LL,1.0265656252991275
3482,14,109,LR,1.414213562373095
8221,116,51,LR,1.3415733194708022
3485,17,194,LL,1.0585379365712586
3486,14,196,LL,1.0858045977054906
3488,193,38,LR,1.21960463165935
3489,0,32,UL,0.6089238114065584
3490,253,7,UR,0.5430403061418702
3491,197,198,UL,1.4384714837259653
3493,113,25,LL,0.6007199152942698
3494,118,83,UL,1.2874581112060821
3495,254,202,LR,0.45656728482169595
3496,217,203,UR,1.4101978824907067
8222,87,40,UL,1.1996236700854908
3503,91,49,LR,0.7328892841402499
3505,120,151,LL,1.6998773994912926
3506,207,198,LR,1.1286862619125975
3508,2,74,LR,1.2480966649630516
3509,254,246,UL,0.8134017871982251
3633,176,238,UR,0.7784572620794113
3511,103,15,UR,1.3142557756198654
3512,17,5,LL,0.41284546852990167
3514,47,115,LL,1.1227564575101119
3515,52,225,UR,1.0059223176554561
3516,161,126,LL,1.115119857082913
3517,139,166,UL,0.8748518230955331
3521,3,35,LL,0.9355506950694883
3522,52,116,LL,1.2268139509298182
3523,83,205,LR,0.8341140892148798
3634,84,166,UR,2.0
3524,128,248,LR,1.1198288680986273
3526,59,91,LR,0.9828663871484132
3527,73,227,LR,1.1009299081148083
3529,93,240,UL,0.513645757668962
3530,180,151,LL,1.2271110069594076
3635,57,73,UL,1.391975822389894
3534,64,139,LR,0.4941659901159535
3535,38,176,UR,0.9610812983416609
3536,157,193,LR,1.1232971871013313
3537,246,236,LR,1.0261423749153968
3538,116,200,LR,0.6166130920151628
3539,164,155,UL,0.9345269516183335
3540,229,130,LR,0.7537849329770461
3541,246,195,UR,1.3772047413997475
3543,156,178,LL,1.1964185503295965
3544,151,142,LR,0.9943141726884159
3545,172,140,LL,0.791585622926691
3546,11,19,LL,0.8036433559877418
3549,111,71,LL,0.6836700334016319
3651,212,38,LL,1.1113228005003428
3550,51,195,UR,0.7147103755286859
3552,7,164,UL,0.0
3553,96,109,LL,1.1023951201040756
3554,188,113,LR,2.0
3555,63,95,LR,1.2157362304026536
3560,212,15,LR,0.5572236028979293
3561,88,50,LR,0.9115107851311482
3565,57,219,LL,1.161014318370059
3566,161,165,UR,1.115021520966057
3569,87,101,UL,1.368585044498542
3570,27,197,LL,1.2235794200182641
3574,10,197,LL,0.53160260793026
3575,40,206,UR,0.813848429334439
3577,97,50,LL,0.4105347872075269
3578,42,25,UL,0.8313329220633722
3579,41,78,UL,0.8498344051354075
3580,216,254,LL,0.804306308208947
3919,97,78,LL,1.130245534765294
3583,54,11,LL,0.6253886922874451
3584,129,0,LR,1.074298665417349
3585,93,224,UR,1.1291898385600623
3587,8,0,LR,0.7652497187006481
3588,13,169,UR,0.7435191446263174
3589,36,156,UL,1.0806685396505298
3920,5,185,LL,1.360777551043472
3590,153,39,LR,0.7572465255291732
3592,169,149,LR,1.0107271070268742
3593,114,190,LL,0.8614213811635247
3596,81,172,LR,0.8024359412635933
3597,134,104,UR,0.6683940093161747
3598,145,127,UL,0.9886032837131307
3599,18,217,UR,0.9492099218023397
3601,190,248,UR,0.7528078398093798
3602,161,139,LL,1.0081607236994585
3603,112,246,UL,1.0064720869120793
3604,226,184,LR,0.5725676907521238
3607,67,72,LR,0.7803733382092675
3608,171,22,LL,0.9583333333333334
3609,144,87,UR,0.8803054095663463
3610,252,126,LL,1.0950022732109324
3613,136,36,LR,0.6966353761647142
3614,136,82,UL,0.8732674305033391
3615,112,44,LR,1.1300932205897234
3616,184,225,LL,0.8878528248669412
3618,187,120,LR,0.8019424147923053
3619,97,16,LL,0.6744446642328049
3620,235,120,UR,1.1666063560220148
3621,109,2,UR,1.3135366548518568
3623,72,161,LL,0.8844755836176541
3624,39,21,UR,1.151078868098627
3628,19,163,UR,0.6470121561153213
3629,15,61,UR,0.7531321850770764
3632,245,12,UR,1.3514642147188232
3639,250,59,UL,1.4536571903544575
3640,181,245,UL,1.2603640558970486
3641,208,21,LL,0.4714045207910317
3642,60,206,LL,0.08333333333333333
3653,154,223,LL,0.7913606880304153
3645,60,178,LL,0.38670158918433606
3646,151,18,LR,1.0065991005456187
3647,73,20,LR,1.071605438764188
3648,0,155,UR,1.1004425447629147
3650,141,109,UR,1.0446278254943948
3656,13,191,LR,1.1003099531718945
3657,166,197,UL,0.6628285111006136
3658,203,126,LR,0.45833333333333337
3659,243,185,UL,0.47176090921407204
3661,63,73,UL,1.1744956220951912
3662,122,139,LL,0.5148036665530924
3665,131,0,UL,1.4384927963811063
3666,238,134,LL,1.007701165335798
3667,6,68,UR,0.5446278254943948
3668,166,190,UL,0.2301726923920813
3670,55,222,UR,0.4652537427875849
3671,129,115,UR,0.2993261002760116
3673,150,162,LR,0.9086789902381025
3674,70,176,UL,1.1027955639631357
3676,49,131,LL,0.8467627704225641
3712,187,134,LL,0.0
3678,156,37,UL,0.8614213811635247
3679,214,242,LR,1.4284501987110045
3681,173,57,UR,1.0795233233711015
3682,203,43,LL,0.6892544139987645
3684,39,205,LR,0.6228550381732936
3687,215,5,UR,0.8418288511680493
3688,160,242,LL,1.459128361395432
3689,25,213,UR,0.2946278254943948
3690,46,64,LR,1.1923454525113018
3692,255,195,LR,0.5410022842538245
3693,50,235,LR,0.9571067811865475
3695,248,68,UR,0.7329207316389404
3696,149,211,LL,1.0073605591914738
3697,145,154,UR,1.0288706754149697
3698,211,135,UL,0.5269780281239129
3700,67,136,UR,0.7803300858899107
3701,211,41,UR,1.487436867076458
3720,42,77,UL,0.7809856998411498
3704,148,67,LR,1.1612524035453669
3705,234,218,LL,1.1723512340944076
3706,146,193,UR,1.2770783215185235
3707,212,244,UL,0.9023385538180568
3728,90,24,UL,1.4037614279294777
3710,87,211,UL,1.294839514883627
3711,20,97,UR,1.4577168352715981
4596,242,104,LR,1.0270501225997517
4597,117,168,LR,1.3394094486050492
4603,91,85,UR,0.9664641196322655
3713,102,203,UR,0.7287877533515976
3714,169,53,UR,1.2716755064395668
3715,9,200,LL,0.9470690278349498
3716,113,72,UL,1.0693078915581102
3719,221,57,UL,1.221531534424571
3722,17,64,LL,1.584476981372902
3723,39,228,LR,1.0942894963648515
3724,183,179,LL,1.0636551122446478
3725,108,63,UR,0.5018806616678562
3730,221,124,LR,1.056329414678731
3731,30,253,LL,0.12621264723929687
3733,227,111,UR,0.6019717736510825
3734,107,25,UL,0.5453257773234804
3735,26,6,LR,1.220093292888553
3736,238,50,LR,0.49285113019775784
3738,48,96,LL,1.238071312088774
3739,108,20,UR,1.038240414338008
3741,215,12,UL,1.3451779686442462
3742,241,117,LL,1.0410676361163507
3743,47,87,UR,1.6338834764831844
3787,200,183,LL,1.2532902741094982
3744,53,7,UL,0.7101886040578913
3746,153,22,LL,1.0814263662806678
3747,105,135,UR,1.0042460813453977
3749,68,139,UL,0.5027143955920841
3750,243,110,UR,0.9583793032268968
3753,97,39,UR,0.9659764051700441
3754,83,243,UR,1.5614339775880461
3755,88,253,LR,0.737212777209906
3756,219,2,LL,0.7230084818227177
3795,24,57,LL,1.1582912447176388
3758,106,98,LR,0.2751392894797834
3759,33,192,UL,0.7851249049916785
3761,148,60,LL,1.3487735724842902
3762,120,62,LR,0.6336805555555555
3763,249,87,UR,2.0
3764,39,155,LR,1.2685232266781323
3766,161,221,LR,0.8884712697116907
3767,73,27,LL,1.213578868098627
3770,127,5,LL,0.524973569984115
3771,109,31,UR,1.8291456223588196
3796,179,83,UR,0.6757297675530083
3773,154,80,UR,1.0802712967903318
3774,211,240,UL,0.5971623474211695
3776,249,64,UR,1.404103533743125
3777,13,118,UL,0.697719318869774
3778,110,168,UR,0.8727739944333179
3779,144,57,LR,0.5411344343332494
3781,48,200,UL,1.5479746402505046
3782,138,150,LL,0.8136294073432367
3783,41,154,UR,1.2859633024318766
3784,99,218,LL,1.236406093645455
3788,221,189,LL,0.35154968225518796
3790,91,151,UR,1.3981508428435427
3791,201,90,LR,0.7629086584661523
3792,66,147,UL,1.0288071685982
3793,48,15,LL,0.6653588100708444
3798,67,171,LR,1.3504165476682228
3799,7,84,LR,0.42430029447859374
3800,101,225,LL,0.9999999999999999
3801,230,117,UL,0.898849230516228
3805,131,195,UR,0.9206958317756797
3806,114,18,UR,0.6967164199046899
3807,61,243,LL,0.9769917674394342
3808,130,249,UL,1.121027062354838
3810,229,112,UR,0.7168006950694883
3811,251,86,LR,0.8032453794885672
3813,171,67,LL,1.2833335825954852
3814,161,255,LL,1.2107770743498993
3815,246,185,UR,0.9976717817544192
3816,134,152,UR,0.9597241642894103
3818,163,232,UR,1.2159715770142754
3819,22,150,UR,0.7225324922746358
3821,181,231,LR,1.143824153601769
3822,199,212,UL,0.924827390366125
3824,54,31,UL,1.189847882754335
3825,102,84,UL,0.9664641196322655
3829,203,78,LL,0.9879019605773889
3830,143,233,UL,0.8017766952966369
3832,85,65,UL,1.1316171427242112
3833,148,28,LR,0.7904401145198807
3836,223,73,LR,1.1495771197458398
3837,129,204,LL,1.1552700302863244
3839,219,115,LR,1.2157362304026536
3840,195,30,LL,0.7571525018179592
3841,83,187,LR,1.0942894963648515
3842,175,214,UL,0.9849707286554468
3844,0,175,LR,1.2314970124977958
3845,48,176,UR,0.7919258303796307
3849,133,140,LL,0.8546426562147487
3850,38,232,LR,0.696482057146366
3851,57,20,UL,1.035236492283574
3852,235,246,LL,1.1284548556068101
3862,17,120,UL,1.0237733232221382
3855,192,24,UL,0.8545017376737205
3856,153,234,UR,1.054737854124365
3857,17,90,UR,0.8646380716884998
3858,81,173,LR,1.3279190702120336
3861,26,191,LR,1.1242192231289738
3865,223,92,UL,0.821103143831297
3866,181,169,UR,1.2071067811865477
3871,72,240,UR,1.1907527006436283
3872,123,11,LL,1.006017606918509
3873,49,198,UR,0.9119954527395664
3874,246,141,LL,1.0037014485346603
3876,245,83,UL,0.11785113019775782
3877,51,22,LR,0.6772907950501945
3878,92,200,UR,0.5641251299706092
3879,235,97,LL,1.3338883940221522
3881,22,141,LR,1.2606771015994649
3882,27,46,UL,1.3916752038222733
3884,146,158,LL,1.3509309347883167
3893,50,141,LR,1.2374907329031748
3885,180,200,UR,0.4860512363100586
3888,240,6,UL,1.2480966649630516
3889,18,174,LL,1.0981955986408996
3890,168,154,UR,0.9636774487618087
3891,183,65,LR,1.1107058924112327
4078,246,208,UR,0.661547555546254
3897,180,108,LR,0.8106529077483872
3899,77,147,UL,0.7229449750059481
3900,211,94,LL,0.9234614241084801
3901,78,180,LL,1.0184751776872263
3902,18,210,LR,1.1495771197458398
3904,112,65,UL,0.8873568576932429
3905,96,0,UR,0.49438896290773027
3908,48,136,UR,0.5889118115201325
3909,90,120,LR,0.8370136129290703
3910,100,71,UL,1.2365907326749102
3911,107,78,LL,0.573822675869267
3914,76,16,UR,1.0849409263807366
3915,194,14,LR,0.11785113019775795
3916,240,100,UR,0.7558959694504365
3917,85,117,LR,0.6931515194296194
3923,237,31,LR,0.8483873951377869
3924,181,63,UL,0.8132191207680088
3925,178,234,LR,0.9523436169775803
3926,33,70,UL,0.5191096226995424
3928,135,129,UR,0.6926396900706778
3929,157,188,UR,0.4639840867985053
3932,23,227,LR,0.8639809209816212
3933,135,56,LR,0.7512761540560666
3935,132,148,UL,1.558893905313435
3936,81,209,LL,0.7731053087935789
3937,157,153,LR,1.3161807848511238
3938,162,57,LR,0.7813558446946159
3940,77,61,LL,1.4986390806282248
3941,75,79,LR,1.4219494666077128
3943,40,30,UR,0.7879389127471973
3944,157,36,UL,1.260396752784842
3945,157,232,LL,1.2829105234431293
3946,41,28,UL,0.6801647470185528
3948,195,203,LL,1.0999577867532293
3949,236,41,UR,0.6579809746652252
3952,252,36,LR,0.7467570040902157
8744,174,226,UL,1.4802547893971418
3953,117,195,UR,0.5801502122246014
3955,95,88,LL,0.8017467578961107
3956,165,27,LR,0.8196850502286895
3957,191,157,UR,0.686759790199595
3965,8,13,UL,1.2296375197688627
3958,136,38,LL,0.5787997570418718
3960,161,68,UR,0.7728833465125752
3961,76,75,LL,1.3129027626759835
3963,253,234,LR,1.0692671703424301
3964,119,74,LL,1.3833524830441306
3966,76,8,UL,0.6220848110658354
3968,151,18,LL,1.0701883661670935
3969,164,200,UL,0.9179851586005796
3970,136,197,LR,1.06837997977761
3971,103,205,LR,0.42764913508299396
3976,185,113,LL,0.5926316371809779
3977,35,125,LL,0.6089449803454815
3978,7,194,LL,1.4125902402960273
3979,2,14,LL,0.9752858277804347
3983,38,21,LL,0.5453257773234804
3984,205,20,UL,1.033516243357706
3985,95,165,LR,1.3688467869621384
3986,169,12,LL,1.3176805073556204
3989,44,230,LL,0.706277838265873
3990,113,114,UR,1.0346236415590404
3992,245,101,LL,1.4806753069510805
3993,173,11,LR,0.9571067811865476
3994,126,34,LL,0.6875846757556928
3995,129,103,LR,0.8392274682327532
3997,242,136,LR,1.035044892751956
3999,171,177,UR,0.6645304733015633
4000,8,250,UR,0.8229154810213551
4002,39,66,UR,0.7934064097934951
4003,42,104,UL,1.1424705878214443
4004,26,10,UL,0.7831430621451765
4007,168,244,UR,0.9803280429267156
4008,123,79,UR,1.5670623764689835
4009,102,57,UL,1.1488579989778311
4010,129,140,UR,0.976025936684833
4012,34,224,LR,1.5371436248172887
4013,140,40,UL,1.2759390713932202
4015,163,193,UL,0.8673276663259437
4030,224,198,UL,0.9816950035323985
4016,145,196,LR,0.2931843514432289
4019,36,227,LL,0.6350589222905209
4020,103,149,UL,1.057082104862983
4021,241,204,UR,1.2063876604185386
4022,25,138,LL,1.573132184970986
4024,78,2,UR,0.8731740766873102
4025,194,168,UR,1.8670714380760365
4027,18,157,UL,1.0913774180282823
4028,42,56,UR,0.7866256428336929
4029,169,228,LL,0.47140452079103173
4032,96,166,LR,1.6273540087215144
4033,80,32,UL,0.5244712750512239
4037,181,188,UL,0.8563152605090902
4038,227,71,UL,0.8488425345318029
4040,142,86,UL,0.49949002135481063
4041,185,18,UL,1.0065752092057445
4042,64,76,UR,1.1994933013080307
4043,238,170,LR,1.0814263662806678
4046,87,247,UL,0.11785113019775795
4047,139,183,LR,0.7437489504326734
4049,185,40,LR,0.9765806301664872
4051,247,91,LR,0.46425201897307256
4052,73,230,LR,1.1472622801628816
4053,118,16,LL,0.8250746141326067
4060,220,62,UR,0.5470618884345916
4061,58,20,LL,0.08238861826860361
4062,188,160,LR,0.9594386314478456
4063,185,3,LR,0.8442430002264216
4065,121,30,UL,0.8295264606261721
4066,241,96,UL,1.3016402328115697
8745,171,2,LL,1.2481034446626804
4072,202,148,LR,1.301600931292787
4073,0,154,LL,1.1459428100436664
4074,2,227,UL,0.9065427331292075
4075,177,205,UR,1.241624578050972
4077,241,77,LR,0.8169265516195293
4079,55,230,LL,1.2227850570246064
4080,197,27,UR,0.9305591875712727
4081,118,62,UL,0.9110107767556088
4082,96,97,LL,1.4021665227259312
4083,213,14,LR,0.7279788203820101
4084,215,225,LR,0.7223667727789674
4085,136,170,LL,1.0540523027725996
4086,42,14,LR,0.6740958691207958
4087,246,231,LR,0.8900365248812475
4089,159,28,UR,1.0631840469215967
4090,4,219,UL,0.3577323331061847
4099,222,225,UL,1.5484939515297307
4093,196,42,LL,1.3706776820809154
4094,227,170,UL,0.7777091345151224
4096,138,38,UR,0.8567065743014793
4097,203,222,UL,0.7354554971598719
4098,24,31,LL,0.6144723521928315
4101,11,66,LR,0.7490637983558078
4102,56,220,LR,1.1299352647128802
4103,4,102,LR,0.8330174110849076
4104,79,164,UR,1.2452201818910162
4106,41,69,UR,1.1784266262218865
4120,170,150,UL,0.5453257773234804
4107,70,156,UR,0.9496972214104417
4108,56,21,UL,1.123147771302501
4109,104,205,LR,0.5095442268803096
4111,172,139,UR,1.4638383505964485
4112,223,73,LL,0.9303335932745518
4130,163,72,UR,1.2966143584484435
4114,26,198,LL,0.8838834764831844
4115,157,149,LR,1.4125902402960273
4119,15,177,LL,0.5592617950937692
4121,25,92,LR,0.34926860338574695
4122,12,86,UL,1.4142135623730951
4125,50,158,UR,1.3046010566917055
4126,44,46,UR,0.35324312054086016
4128,250,140,UL,0.8545359503276737
4129,250,213,LR,0.8611224800881784
4131,160,7,UL,0.6661643717337754
4133,27,215,UR,0.6105277724382445
4134,241,218,LL,0.5403272560081517
4135,150,181,LL,0.8748485316954039
4136,69,99,LR,1.0496193329926105
4138,187,176,LL,0.6833933327654618
4139,108,168,LL,1.2758756921299326
4141,78,212,UL,1.3505223657053635
4142,176,47,LL,1.2712048026556848
4143,242,78,LL,1.186764352819558
4144,2,70,LR,0.642969250738618
4146,254,34,UR,0.8120612118838785
4149,229,254,LR,1.0864426747335236
4150,28,23,UR,0.7835219754602455
4152,24,30,LR,0.693758893092679
4153,49,13,UR,0.515625
4188,56,18,UR,1.45112371704284
4155,235,119,LR,0.1767766952966369
4156,111,92,UL,1.7368969986117988
4158,185,186,LL,0.4318105406726988
4159,215,154,LL,0.12500000000000003
4160,238,121,LL,1.0501657898596246
4161,213,193,LR,1.5593106947823938
4164,60,39,LR,0.7345107820951422
4165,199,88,LR,0.5072100795669202
4166,160,109,UR,0.5470618884345916
4167,134,218,LL,0.7039200280620986
4173,219,185,UL,1.2689418668608434
4174,46,66,UR,1.5319749811993824
4177,210,97,LL,0.7655024480904172
4178,101,108,UR,1.4078732372778973
4180,188,103,LL,0.9351594611836258
4181,58,86,LL,0.6733914991312506
4183,65,124,UR,1.536252403545367
4184,79,251,LL,0.7553952217679248
4185,232,70,LL,1.1286248608506453
4186,39,88,UL,1.1122675155650725
4291,37,89,UR,1.7395957338106534
4189,53,70,LL,0.8344050620316021
4190,8,165,LR,0.9018338924212871
4191,231,227,UR,1.021390366621391
4193,109,182,LR,1.4712160956008007
4194,0,249,UL,0.7619994587594295
4197,11,24,UR,0.5509873146038061
4198,166,113,LL,1.463875631934936
4199,147,105,UL,0.0
4200,190,208,UR,0.8301326753013955
4202,23,66,LL,0.8250177861853579
4203,54,103,LR,0.9333845643038585
4211,125,87,UR,0.9042232833452298
4205,88,102,LL,0.4509224337668574
4206,51,233,UL,0.48618338638948366
4209,61,201,LL,0.9068862957260682
4210,80,33,LL,1.0485308970793745
4309,164,188,UR,0.5894776132697933
4212,210,141,LR,1.7658223268074125
4214,96,68,LR,1.1247465635628306
4215,153,103,LL,0.7092744220503412
4216,84,197,LR,0.17677669529663687
4217,80,211,LL,0.4089943329926102
4957,53,45,LL,1.641659432038297
4221,185,67,UR,0.6816572216543506
4222,2,104,UR,1.0910357803837052
4223,8,189,UL,1.2905247902755739
4224,152,53,UR,2.0
4227,122,121,UR,1.8678511301977578
4228,169,164,LL,0.5380834633039426
4232,27,185,LR,1.114864224489659
4233,206,209,LR,1.1781888759941712
4234,29,218,UR,1.1552937303289246
4235,27,5,LL,0.5299774779596508
4237,20,48,UR,0.8886968640084115
4238,17,187,LL,0.997024936264783
4239,94,193,UR,1.4194254211581434
4240,12,250,UL,0.789910732074998
4244,214,56,UR,0.8775523081121328
4245,163,167,LL,1.4142135623730951
4247,116,152,LR,1.4142135623730951
4248,7,0,LR,0.794278849579852
4249,73,226,LR,1.3883252147247767
4250,229,58,UL,1.1934434865943795
4272,252,211,LL,0.8793782314248225
4252,139,157,LR,0.9664641196322655
4253,115,228,LR,0.7499696267558744
4254,51,98,UL,0.6773213281073744
4255,1,93,LL,1.0914626732778931
4263,204,67,UL,0.947002899513236
4257,191,6,LR,0.6465947919791885
4258,59,199,UR,1.0478058101572407
4260,72,146,LR,0.8998748085183994
4261,191,147,UR,1.4142135623730951
4262,173,69,UL,0.9477669796640356
4266,116,109,UR,1.0375212935699991
4267,65,237,UL,0.8553907732842977
4268,190,44,UR,1.3232695885550392
4269,199,217,UL,1.3804149233629956
4271,171,241,UL,0.6385910193137955
4276,126,121,UR,0.9302102116567299
4277,0,206,UR,1.1704316220180966
4278,170,116,LL,1.0162604450283492
4279,209,240,UR,1.118491871485047
7392,29,211,UL,1.14957711974584
4284,177,231,UR,0.9845655204503087
4285,210,41,LL,0.9077965269330439
4286,132,150,UR,0.7977888365652176
4287,190,70,LR,0.8748545987455358
4292,70,50,LR,1.105864486769768
4294,19,138,LL,1.4330067889871456
4295,109,75,UR,0.9580084723155103
4296,238,118,LL,1.719351094326174
4297,32,141,UL,1.1611677277896741
7467,58,182,LL,1.2120256413065829
4300,215,138,UL,0.7765388251536718
4301,43,114,LL,1.2035432205018473
4303,155,238,LL,0.022990695637359844
4304,175,13,LR,1.7863176488438908
4305,114,21,UR,0.9735706515566612
4306,73,49,UL,0.7093566409408886
4308,183,153,LL,1.2888337926923117
4312,233,154,UL,0.8298012363100585
4313,244,131,UR,1.2471968027171103
4315,206,105,LR,0.7559223176554563
4316,61,140,LR,0.6799398920288042
4318,224,81,UR,0.715915854805811
4319,161,19,UL,1.1382054061397258
4322,198,141,LL,1.1380711874576983
4323,19,37,LL,0.9124789556921525
4324,117,252,LR,1.1684012733476092
4325,58,227,LL,1.2210589056884051
4349,15,72,UL,1.1898902206321817
4327,40,82,UL,1.404492544815427
4328,32,196,UR,1.163637774191049
4329,224,146,UR,1.4386213306075495
4330,216,158,LR,1.0273090522611301
4332,109,220,UR,0.5490060569192174
4333,95,157,LL,1.343746687610391
4334,120,24,UL,0.3070280364030017
4335,108,195,UR,0.9340401782550979
4338,139,203,LR,0.9251427968644245
4339,56,111,LL,1.3480544517162814
4340,122,31,UR,0.8499154488753831
4350,215,231,LR,0.8194991827996111
4341,38,198,LL,0.9898936033857468
4343,239,193,LR,0.9561408971828946
4344,130,30,LL,1.1385832613629656
4346,196,106,LR,1.0405211582598566
4347,187,178,UL,1.2293995249948217
4353,43,45,UR,0.8678934680756043
4354,138,13,LR,0.0
4355,47,230,UR,0.6798250448209996
4356,94,250,LR,0.9879231295163119
4358,139,198,LR,0.7712158786641194
4359,76,43,UR,0.8332255426969538
4360,206,114,LR,0.9398478827543353
4361,93,163,LL,1.25
4363,49,32,LR,0.9562307093844732
4364,172,153,UR,0.8263301892384082
4366,132,71,UR,1.0890935635088383
4367,69,59,UR,1.0330342505032837
4371,95,225,UL,0.4721770182931061
4372,43,106,UL,1.2588834764831844
4375,100,9,LL,1.3796957655086703
4376,187,38,UR,0.8157342064587013
4379,178,27,UR,1.1510153612818574
4380,156,69,LR,0.5928111873456036
4381,222,225,LL,0.7910756442815017
4382,5,63,UL,1.0976553476475914
4386,48,188,LR,0.6725889843221231
4387,8,113,UR,1.4298491387282393
4388,81,47,UR,0.4620569556496944
4389,182,78,UR,1.2409054572829632
4391,108,107,LL,0.7704843574187904
4392,27,190,LL,0.9905348709179025
4393,104,217,UL,0.7970531199729887
4394,201,0,UL,0.6552242411952947
4396,215,121,UR,1.2488157857310607
4397,39,227,LL,0.7473315743014795
4398,214,113,LL,1.0847104345164602
4399,199,92,UL,0.7747972902301385
4402,97,117,LL,0.9549282499435978
4403,0,51,UL,1.2374368670764582
4406,69,109,LR,0.6592236335435798
4407,30,252,UR,1.129447215303066
4408,209,29,UR,0.9316593274091681
4409,41,133,UR,0.7164816565554716
4411,234,150,UR,0.8918923855944634
4412,84,238,LR,0.3472645601000685
7564,11,255,LR,1.3595066295025544
4415,29,183,UL,0.9673365594186227
4416,225,150,UR,0.5387981917597822
4418,44,116,LL,1.2222506551925796
4419,83,152,LL,0.05892556509887896
4420,210,58,UL,1.1495771197458398
4421,156,232,UL,1.1961790511253867
4436,71,210,UR,0.5
4424,141,191,UR,1.3376227259151352
4425,132,236,LL,1.232198553522388
4427,61,96,LL,0.9538000814947244
4428,167,29,LL,1.0446913323111642
4448,16,135,LL,1.1100291095210706
4429,118,48,LL,1.120055882092245
4430,42,232,UL,0.6977370422635093
4432,119,141,LR,1.2738639812946912
4433,67,146,UR,0.980425283799527
4435,179,141,LR,0.9241593759375657
4437,73,201,UL,1.0571208107251127
4438,75,131,LR,1.3451779686442462
4441,25,89,LR,0.6228338692343703
4442,228,215,LR,0.0
4467,51,224,LR,1.382707562506778
4444,104,251,LR,1.1573041917750626
4445,45,19,LL,1.2919630318115913
4446,243,233,UR,0.4540203795325053
4447,179,154,UR,1.0073182213136276
4599,102,149,UL,0.964115891435598
4600,131,213,UL,0.05892556509887891
4449,6,128,LR,1.294644671532936
4450,76,125,UR,0.8764565339289312
4451,242,88,LR,0.9555167944741374
4452,118,161,LR,0.1178511301977579
4453,1,84,LL,0.8520719604816903
4454,243,29,LL,0.7806878302660565
4455,137,179,UR,0.9524233209271856
4476,150,24,UR,0.9099771639308111
4456,206,192,UR,0.42077696591692204
4457,131,17,UL,0.9499508071659253
4458,191,245,LR,0.7890705162465186
4460,235,68,LL,1.0774730180644776
4461,167,184,LL,0.848084463355339
4462,253,196,LR,1.3740567635492147
4463,157,70,LR,1.3649751580491045
4465,88,59,UR,0.3112574153601768
4466,212,122,LL,0.39401617848224657
4602,96,30,LL,1.282809677212076
5283,121,45,UR,1.7984039528576223
4468,144,99,LL,0.90685560852383
4471,253,133,UL,0.0
4472,40,206,LL,0.5467729576288952
4474,115,234,LL,0.6292776991518818
4475,14,27,LR,0.7700255755143174
4477,231,175,UL,0.7358044730744145
4482,151,209,UR,0.8555087577471729
4483,162,177,LL,0.7246206156593533
5284,68,96,LL,0.005927454101342225
4485,74,185,LL,0.9322916666666667
4486,62,184,UL,1.014509428993716
4487,97,79,LL,0.4501129051406163
4488,36,23,LR,1.0613017580968338
4490,41,57,LL,0.5331218932062533
4491,117,154,LR,0.6076388888888888
8012,163,26,UR,1.3142557756198656
4492,207,118,UL,1.116467627016907
4493,63,142,LR,1.2862629266514596
4496,79,212,LL,1.5787528307278378
4497,225,73,LL,1.4018269956629164
4498,64,20,UR,0.6174590561089166
4499,213,34,UL,0.5825921929286823
4502,120,123,LL,1.3040492559187962
4503,10,182,UL,1.0432358621420577
4506,220,60,UL,0.9529521924486867
4507,250,131,LR,0.7924634493732549
4508,199,192,UR,1.034679863354896
4509,212,137,LR,1.4549034384942177
4512,112,211,UR,1.402166522725931
4513,6,150,LR,1.241624578050972
4578,24,9,UR,1.2100679400142758
4517,219,194,UL,0.850481250625044
4518,62,8,LR,1.3831706196646778
4519,184,25,LL,1.114009321626508
4579,109,144,UL,0.5303300858899107
4520,60,114,UL,0.9615314659295895
4522,194,255,UR,0.9422977917170399
4523,63,125,LL,0.8623260344130196
4524,233,165,UR,0.92715047216582
4525,65,192,LL,0.5662388888449509
5258,35,239,UL,1.2624723005577012
4527,71,132,UL,0.8479513560141927
4528,1,218,LL,1.1240072044601446
4530,163,205,LL,0.554499859350324
4531,9,251,UL,0.821584269825265
4532,69,56,LR,1.0663880762601907
4533,103,57,LL,0.7760576991597038
4535,127,146,LL,1.1791245780509723
4536,123,62,UR,0.954001071802074
4538,195,107,UL,1.1299220934443681
4539,125,82,LL,0.3037172317655456
4540,181,126,UR,0.5862944921610614
4541,147,96,LR,1.6760392506514947
4543,206,79,LL,0.952391378667849
4544,202,212,UR,2.0
4545,146,235,UL,0.8150883924693181
4546,29,147,LL,0.9787975323239736
4550,246,164,UR,0.45057995591930133
4551,53,141,UR,0.5938434442172957
4552,176,35,LL,0.8590172556238541
4553,89,144,UL,0.5913071685982002
4810,239,198,LL,1.3685850444985421
4555,172,66,UL,1.3429173726558077
4556,148,174,UL,1.279032762894921
4558,163,76,UL,0.8565532552831312
4559,255,247,LL,0.8462088638948371
4560,245,32,LR,1.2761423749153966
4561,163,72,LR,1.3234228171721205
4563,124,101,UL,0.3571066565554715
4564,92,36,UR,1.1725889843221227
4566,106,158,UR,0.9347776818172872
4567,39,122,UR,1.3409095327146137
4568,213,176,LR,1.3509889112286617
4569,255,118,LR,0.9470478588960267
4626,197,160,UL,1.2689511672353082
4573,29,247,LL,0.7132050912294441
4574,62,78,LL,0.6271789460970693
4576,47,178,UL,0.903687663542421
4577,130,185,UR,1.4142135623730951
4581,125,29,LR,1.0273214527384504
4582,184,242,LR,1.181937554306238
4584,197,160,UR,1.2536182618876517
4585,166,86,LR,1.1928671988249426
4587,152,109,LR,0.8023797727167895
4588,246,129,LL,0.8197247770963318
4604,139,171,UR,0.6445312088400503
4605,249,14,UR,1.4142135623730951
4607,128,90,UR,0.9263678445810417
4608,63,232,UL,1.1335144002162878
4609,198,107,UR,0.8636634192232441
4610,82,77,LR,0.9669789691875352
4627,241,5,UR,1.5850679400142755
4614,87,115,LL,0.8247489871503364
4615,167,15,UL,0.9256698927519559
4618,106,118,LR,1.197821718019202
4628,187,22,LL,1.017388687715754
4619,45,8,UR,0.7868708160646457
4621,113,171,UL,0.8415451633722413
4622,176,3,UR,0.8465773815913968
4623,147,57,UL,0.7293747240401813
4624,33,15,LL,1.0279022603076398
4632,14,193,LR,0.6302119653490504
4633,250,3,LR,1.082076737222019
4634,162,225,UR,1.4386213306075495
4635,172,4,LL,1.3796957655086703
4639,129,143,UR,0.46229031356524053
4640,66,167,UL,0.9917619977318619
4641,193,137,LL,1.0905156079120202
4642,122,11,UR,0.6535531469991174
4644,201,51,LL,0.7507299844896896
4645,31,234,UL,0.9577324577372607
4647,162,44,LR,1.2255383287866137
4648,24,244,LL,1.4156026701030033
4649,250,157,UR,0.8139023113238911
4650,141,195,UL,0.9029535207921477
4652,45,87,LR,0.8056190623723251
4811,103,209,UR,0.888645757668962
4653,198,108,LL,0.964902496478426
4654,64,76,UL,1.0321916577161858
4655,160,65,LR,0.6198031365397408
4659,192,216,UL,2.0
4660,230,229,LL,1.3077695601775523
4662,78,129,LL,1.1439139553086077
4663,158,74,UL,1.0934433619633035
6771,117,77,LL,1.3696280747565466
6772,166,222,UL,1.2193953410594676
6773,154,186,LR,1.0381661769551365
6774,247,86,LR,1.241546283303524
4666,61,19,UR,1.1105226359923586
4667,238,69,LL,0.9040663323111643
4669,48,235,LR,1.4142135623730951
4670,79,13,UR,0.6657131831403339
4671,168,58,LL,1.4042160782308426
4706,102,36,UL,1.0749579113843055
4672,109,1,UL,0.822694704385663
4674,246,37,UL,0.2357022603955158
4675,63,144,UL,1.7195821761791084
4677,15,13,UR,0.7938505845698234
4678,174,194,LR,1.038959535106017
4680,130,9,LL,0.8129774092449792
4681,10,21,LL,1.0119507826276501
4683,102,191,LL,1.1839212688559722
4684,46,25,LR,0.5914064248245623
4687,244,65,UL,0.22767090063073975
4688,64,18,LL,0.5791711674471764
4689,8,207,UL,0.9725817269108534
4690,172,165,UR,1.3811340070446882
4692,125,65,UL,0.6830830627130481
4693,212,22,UL,1.4154097412757551
4694,185,123,UL,1.2236465588507508
4695,135,97,UR,0.5477810092026004
4698,22,174,LL,1.2438924057453742
4699,207,10,LL,1.3448617590292837
4700,3,221,UR,1.3229720434327985
4703,209,130,UR,0.40899433299261023
4704,21,208,LL,0.9706068607292492
4707,185,22,LR,1.473975764533788
6776,106,39,UL,0.9844238996886249
6777,182,32,UR,1.6023998368690973
6779,223,93,UR,0.7992643537717272
6780,219,221,UR,0.7167014920921779
6846,85,181,UL,1.185842976192361
4709,193,224,LL,0.7939653785285761
4710,14,94,UL,1.0184198226859265
4713,178,125,UR,0.9476735354467399
4714,73,122,LL,0.4234197561258187
4839,71,12,LL,1.1553535147287097
4715,139,219,UL,1.2052085825954855
4716,11,176,LL,0.69795023608291
4719,151,238,UR,1.183590000172429
4720,101,169,UL,1.0101100286299702
4721,132,251,LR,0.8801623691077652
4722,113,45,UR,0.5746228403772514
4725,249,143,LR,0.8539265718058033
4726,70,147,LR,0.8927464320919
4728,35,253,LL,0.6138342751647983
4729,93,199,UR,1.14957711974584
4731,135,252,UL,0.8847223468532982
4732,21,187,LR,0.6361341764405044
4735,2,186,LR,1.293401273347609
4736,145,158,LR,1.068144505612506
4737,197,55,LR,0.8959092406274232
4738,112,98,LL,1.3507921695831626
4741,174,227,UL,1.007149029615296
4742,159,14,UR,0.9472646847311446
4745,221,99,UR,1.4324722967538526
4746,10,233,UR,1.0594753400234977
4747,201,165,UL,0.7682245911385913
4748,197,166,LR,0.9480209003671115
4750,160,91,LL,1.1307118833233227
4751,246,241,LR,0.4458739175188592
4753,72,168,LR,1.1826566750742469
4754,79,202,UR,1.2803300858899105
4755,136,42,LL,0.9840701222757886
4756,58,218,UR,0.9664042181737379
6782,229,22,LR,0.6889594104749408
6783,211,79,UL,0.0
4758,131,188,LL,1.1924961500247058
4759,204,62,LL,0.7087757534651721
4760,51,14,LR,1.1819375543062378
4761,62,10,LL,1.0000753915439633
4840,69,39,UL,1.6172762468037336
4766,6,141,LL,0.4282959805726302
4767,41,40,LL,0.9319974291072902
4768,135,16,UL,1.420613746040711
4769,174,42,LR,1.3536174559144816
4771,5,19,LL,1.3166742209211444
4772,207,37,UR,0.6602607613253524
4774,19,200,UL,1.2588834764831844
4775,181,100,LR,1.0809650371097823
4778,192,220,LR,0.9500930816600588
5266,48,21,LL,1.5079486783731542
4779,113,244,LR,1.3462117089566266
4780,42,243,UL,1.3354473319272557
4781,189,244,UR,0.6038755397048856
4783,167,31,LL,0.42794320800257146
4784,242,116,UR,0.6626833810499504
4785,125,72,UR,1.208783017496606
4786,187,60,LL,0.48359600443093875
4788,27,124,LL,1.414213562373095
4789,52,69,LL,0.7329160947804456
4791,105,69,LL,1.268523226678132
4792,69,54,LR,1.0061643269738632
4793,83,28,LL,0.9221253952513613
4842,34,111,UR,1.155274576743552
4794,64,121,LR,0.4368867239266071
4797,96,9,LL,0.6691854053625561
4798,11,86,LR,1.257445234947167
4800,136,105,LR,1.7551166494285226
5044,197,87,LR,0.7834289460970693
4801,233,21,UL,0.617368142995298
4803,244,165,LL,0.6845724105885151
4804,32,203,LR,1.2020342299483564
4806,234,193,UL,1.20566853965053
4807,44,237,UL,1.3467343221307218
4812,132,81,LL,0.5536872943650193
4813,21,64,UR,0.4879043108785319
4815,178,126,UL,0.9611112357421868
4816,197,35,UL,0.93663119222936
4817,67,48,LR,0.6313888470160194
4818,255,201,LL,0.850749182799611
4820,216,111,LR,1.2013232819852973
4821,153,118,LL,1.0118304373688922
4823,146,157,LR,0.7981212166555404
4824,117,235,UL,0.8285302243678736
4825,174,146,UL,1.264348500501601
4826,114,74,UR,0.6036132653943261
4828,3,152,UL,1.482362752425152
4829,7,51,UR,1.1826566750742469
4831,218,127,UR,0.5038088670712321
4832,85,64,LL,0.472809192910806
4836,78,4,UR,1.1014931045222602
4837,90,130,UR,1.2872100824185995
5075,57,233,UL,1.382707562506778
4843,236,211,UR,0.6641727289254173
4845,212,35,UL,1.1882227527837261
4846,65,174,UL,1.2714487369922747
4848,240,30,LR,1.0375260046670254
4849,38,105,LL,0.7135079326106247
4851,69,25,LL,1.3647012273949413
4852,226,188,LL,1.2035111773465035
4853,93,112,UR,1.1906305103391135
4854,142,99,LR,0.8851100286299701
4884,33,15,LL,1.0909917620999008
4856,166,229,UL,1.0579345508609885
4857,222,51,LL,0.9504777432404026
4859,241,75,LR,0.10423894194503928
4860,56,73,UL,1.381134007044688
4863,182,69,UR,1.1420661769990745
4864,169,128,LL,0.8223844343332494
4865,248,94,LR,1.2180243868329996
4866,208,182,LL,0.7651310481798526
4868,51,254,LR,0.2601100286299702
4869,50,84,LL,0.580716013974262
4885,61,134,UL,0.0
4871,59,138,UR,0.6687729226312439
4872,23,192,LL,0.24285113019775795
4873,118,135,LR,1.10707780390425
4874,157,189,LL,0.8988048506273556
4878,210,61,LR,1.7357022603955155
4879,116,155,UL,1.296362432175337
4882,34,148,UR,1.4146391735527086
4883,112,180,LR,1.3020763146894754
6847,83,90,UR,0.6974916987247625
4887,108,8,LL,0.42624446296321966
4888,206,163,LR,0.4416402366507817
4889,192,230,UL,0.8756205401048271
4890,61,126,LL,1.569181388847953
4893,151,150,LR,0.6830531253125219
4894,182,130,UL,1.0363247368995356
4896,136,98,LL,1.592445212022813
4897,234,33,LL,1.7382261040530715
4945,246,154,LR,0.9910246911349416
4901,92,80,UR,1.269893000086033
4902,94,100,LL,1.196736892290953
4904,14,227,UR,1.6133959446571082
4905,201,100,UL,0.8861175539588092
4906,239,229,UR,1.0273002837995266
4907,235,33,UL,1.3548132361257577
4909,159,19,LR,0.8294358082216143
4910,203,170,UR,1.39186654264483
4913,36,48,LL,1.6552438523890989
4914,240,9,LL,0.8875564920474871
4918,105,34,LR,1.2281112844195476
4919,60,216,UR,1.4142135623730951
4921,65,171,UL,1.4913151320388025
4922,127,131,LR,1.1354566170911544
4946,246,232,LL,0.7513995356738885
4923,74,96,UR,1.2322884085441774
4924,133,81,LR,1.5087652313112485
4927,218,231,LL,1.280171858809267
4928,25,11,UL,0.5566572216543506
4929,184,59,UL,1.02151738025493
4947,80,100,LL,1.1027955639631357
4930,147,235,LR,1.1625998594553497
4934,77,94,UL,0.9381628779826736
4935,242,118,LL,0.8894305652470897
4936,94,60,LR,1.4194254211581434
4937,255,78,LR,0.9280692910318646
4939,87,121,UL,1.1036168974100433
4940,69,224,UL,0.5419793774214904
4941,195,205,LR,1.1595837338888644
4942,41,80,LL,0.7112944921610614
4948,237,102,UL,1.3808919444113306
4952,23,247,LR,1.1179182690302445
4953,5,156,LR,0.049416843081836394
4954,18,58,UR,1.134475583617654
4955,214,206,UL,0.7766082182180394
4958,190,248,UL,0.9861966270697827
4959,117,147,LL,0.9099937864125066
4960,196,31,UR,1.1380711874576983
4963,206,250,LR,0.4848397642213334
4964,133,39,LL,0.3281673378778463
4966,53,144,UR,1.5362524035453669
4967,54,42,UL,1.3525945631610459
4971,193,234,LL,1.1051186457628306
4972,7,229,UR,1.2141957761877369
4973,237,214,UR,1.3836106362463212
4989,27,206,UL,1.1629965970601608
4974,250,183,UR,0.7920192745969267
4976,73,222,LR,1.1215138728702887
4977,73,248,LL,0.9174828636676886
4979,97,114,UL,0.6117036492624358
4980,48,192,UL,0.6645576245573469
6869,150,11,LL,1.3711624828449123
4983,191,16,LL,0.7102400348501933
4984,221,178,LL,1.1692506458343355
4986,55,150,LR,0.7214045207910317
4987,192,231,LR,0.7694913011698743
4988,111,151,LL,1.1351559985235338
4992,247,181,LR,0.4107304441037214
4993,48,20,UL,0.9322916666666667
4995,79,128,UL,0.41564714521988716
4996,166,34,UR,0.8838834764831844
4997,11,213,LL,0.9033860610556036
4998,127,100,UL,1.532142301194482
5000,70,203,UL,0.764709967294731
5001,51,161,LL,0.3535533905932738
5002,74,30,LL,1.1722441295159485
5003,190,77,UR,0.8948902986745616
5023,143,72,LR,1.2431989099722491
5006,5,149,UR,1.2488157857310607
5007,157,57,UR,0.6725889843221229
5008,74,234,UR,0.5594701979096165
5009,147,81,LL,0.9017706568083185
5011,150,141,LL,1.1016867194074287
5012,251,157,UR,1.509904487038648
5013,194,147,LR,0.9789147669851368
5014,181,33,LR,1.3171322586919008
5018,10,211,UR,0.9694109263729146
5019,109,196,LL,1.1420792740290548
5021,232,107,UL,0.640369468302753
5022,129,41,UL,0.0
5024,27,4,LR,0.6572830970746711
5026,230,20,UL,0.4086241881391442
5027,187,57,UR,1.0969422196911827
5028,129,146,LL,0.8957646900706779
5029,253,168,UL,1.4068174611661388
5032,84,29,LL,0.3163934734151376
5033,19,213,LR,0.9225889843221227
5034,178,226,LR,0.9134891130206757
5035,14,41,UR,0.6142168204955843
6785,223,144,UL,1.1767514375089172
5037,108,239,LL,0.3946418550329596
5038,195,80,UL,0.8204438978643407
5039,17,201,LR,0.5207858590096011
5041,187,47,LR,1.241624578050972
5042,107,200,UL,1.020311900977805
5043,187,47,UL,0.7586929560328758
5045,226,171,LR,1.0052031968874475
5047,208,54,LR,1.1380321837342928
5048,208,243,UL,0.6007367823222908
5049,141,151,UL,1.730797821708448
5050,20,75,LR,1.2171744719386712
5054,57,65,UL,1.132258346512575
5055,91,158,LL,0.8075629701478901
5056,198,215,UL,0.37359599777541075
5057,194,11,LL,1.414213562373095
5059,100,63,LL,1.0475678153831998
5060,222,68,UL,1.0233099044591705
5061,63,67,LL,1.3312576693429827
5062,187,190,LR,0.41791355321739193
5066,104,45,UL,0.9419629071805153
5067,117,125,LR,1.804737854124365
5069,13,67,UR,1.5665105756960742
5070,161,84,LL,1.2827696791406331
5071,46,45,UR,1.0499931098617936
5072,208,226,UL,1.123126602363578
5074,226,128,UL,0.7648036665530922
5076,38,181,UL,0.5927541785958208
5077,98,240,UL,0.6104642656214749
5079,111,52,UR,0.8502556563283229
5080,111,21,LR,0.9456768941748191
5082,32,67,UL,0.8890775481307054
5083,195,186,LL,0.8085466517838099
5085,56,158,LL,0.7394511832539084
5086,225,206,LR,1.1268455878214443
5088,120,48,UL,0.5303300858899106
5089,36,114,UR,1.3073786023222358
5091,150,226,LR,0.9040648060502647
5092,147,156,LL,0.7461700334016318
5093,201,226,LR,0.6741379357948415
5094,15,151,LL,1.506650361030127
5096,191,216,LL,1.1438277856174863
5097,166,32,UL,1.0461930806639517
5100,24,34,LR,0.6853762071122168
5101,23,169,UR,1.7652986716383248
5102,185,121,LL,1.4936728736720406
5103,211,46,UR,0.9867415948281127
5128,221,60,UR,1.1488579989778311
5105,93,33,LL,1.0459263236399559
5106,193,224,LR,1.0399014478632682
5107,26,103,LL,1.6420815444236712
5108,31,131,UL,1.1785113019775793
5110,207,204,UL,0.9819869069533667
5111,157,255,UL,0.8919223229949896
5114,14,169,UR,1.215405621119556
5115,27,226,LR,0.14297801920022116
5116,68,171,LL,0.7916362934225409
5117,107,222,UR,1.0265388251536718
5120,28,184,UL,0.9692471584870049
5121,16,199,LR,0.9433454692623805
5122,161,198,UR,1.349492693252299
5123,226,238,LR,1.238748094978937
5124,33,118,UL,0.633714124971799
5125,38,208,LL,1.3248350188591347
5126,119,10,LL,0.5021785312429498
5127,146,223,UL,0.8240395017043849
6786,8,121,LL,0.8518172794821627
5129,204,246,UL,0.92163725544028
5130,156,61,LL,0.5453257773234804
5131,247,214,LR,0.9428090415820634
5132,174,194,LR,0.48145668430550476
5134,245,41,UR,0.8943491275717474
5135,3,46,UR,0.865408298795958
5138,106,199,UR,1.1488579989778311
5139,201,27,LR,0.8981812160876685
5140,150,83,UL,0.8943987238130325
5141,148,52,UL,1.3218936520277442
5143,240,206,LL,1.0850679400142753
5144,161,142,LL,1.2618446353109125
5145,74,99,LL,0.8830239205988033
5146,51,226,UR,1.2332038189513508
5149,192,82,LR,0.37045968109522603
5150,44,180,UR,1.0892556509887894
5152,245,86,UL,1.4021665227259308
5153,163,212,LL,1.1025575691890948
5155,80,28,LL,1.5788034423066408
5160,43,158,UR,1.0239215057946007
5161,188,134,UL,1.2106636791644625
5162,207,170,LL,0.23570226039551584
5163,193,237,LR,1.3333333333333333
5166,72,226,LR,0.8591435831994729
5167,29,204,LR,1.2960146684976823
5168,130,232,LL,0.8980242650536031
5169,42,236,LR,0.7950366762099901
5171,101,189,LL,0.8539664528185044
5172,4,114,UL,1.3843807624577729
5173,76,143,UL,0.7757100630355312
5187,238,104,UL,0.7763339582842791
5174,52,70,LR,0.6673682505114694
5178,196,55,LR,1.4150430581302125
5179,4,43,UL,1.112165302886174
5188,35,194,LR,0.1971687836487032
5182,83,115,UR,1.2157362304026536
5183,6,94,LL,0.9883867185870737
5184,90,225,LR,0.8708633953649356
5185,197,66,LR,1.2766226445436504
5189,28,213,UL,0.8437624004773202
5190,76,126,LR,1.3941351629611551
5194,95,188,LR,1.3444588478762372
5195,206,212,UL,2.0
5204,157,68,LR,1.205461492787788
5197,164,20,UR,0.7479995887300388
5198,46,167,LL,0.8761951103160908
5199,255,146,LR,0.5892556509887895
5200,43,174,UR,0.6833933327654615
5202,28,55,UR,1.4874368670764582
5203,96,97,LL,1.0496193329926102
5207,187,155,UR,0.7844874236202989
5208,211,52,UR,1.0348704047946844
5210,156,245,UL,1.0792726359923586
5211,186,58,LR,0.9131980764601617
5213,21,38,LR,0.44078896580334764
5214,215,110,UL,1.0648675786814108
5216,120,195,UL,0.6376163668485395
5217,240,63,UL,1.1640018729838633
5219,126,197,LR,0.9913442453990848
5220,93,31,LL,1.2038512943981763
5222,144,87,UL,0.6835378833222069
5223,231,0,LL,1.7892189062130912
5224,238,164,LR,1.3716644057438945
5225,199,154,LR,0.688980579413864
5227,221,160,LL,1.0137479703478611
5228,51,131,LR,0.43999284249720466
5229,203,124,UR,0.4166666666666667
5230,199,128,LR,1.6261050591702833
5232,87,200,LL,1.1575509550107066
5233,27,194,UL,0.7079580520339813
5235,12,237,LL,1.286252403545367
5236,72,141,UR,0.8298224052489818
5237,102,106,LR,0.7742739272543313
5238,223,118,LL,1.2172243127262823
5242,46,13,LL,0.8921391488301074
5243,177,218,UL,0.9795404435358496
5245,83,45,UR,1.4105966087915938
5246,35,16,UL,0.4303511301977579
5247,176,173,UL,0.8777655019315336
5248,251,221,LR,0.8724825058664691
5250,248,236,UL,0.42749825676705594
5251,199,11,UR,0.63265479675085
5253,94,230,LR,0.4539375649853046
5254,176,238,LL,1.1585467764148858
5255,97,17,LR,0.7535073816431567
5256,77,74,LR,0.2956619274118436
5259,88,224,UR,1.3645942293804847
5260,131,114,UR,1.1452733226032592
5261,173,49,LL,1.4142135623730951
5265,213,89,LR,0.8186552340594075
5269,35,61,UL,1.06899688786672
5271,44,39,UR,0.0908946858668878
5272,35,37,LL,0.7803300858899106
5274,255,170,UL,1.4045184942631639
5346,201,87,UR,1.6172762468037336
5275,24,99,UR,1.553456637860944
5277,73,130,LR,1.0348280669168382
5278,253,5,UL,0.9315163031133227
5282,83,121,LL,0.3535533905932738
5383,123,55,UR,0.7946278254943948
5285,18,250,UL,1.1010594528520246
5287,137,194,LR,1.184422452382083
5288,22,69,LL,1.3796957655086703
5292,50,23,LR,0.8884946081492231
5293,187,62,LL,1.0526825132019635
5294,55,7,UL,1.4142135623730951
5295,21,32,LL,0.6146256712111797
5297,134,188,LL,0.732171817120724
5298,234,108,LL,0.8399412023405551
5299,157,144,LL,1.3204495080813932
5300,149,177,UR,0.5976294619436464
5302,175,210,LR,0.7420809030902995
5303,224,122,UL,0.7970531199729884
5305,235,159,LR,1.1160454452197452
5306,176,72,LL,0.9699333587444758
5308,176,220,UL,1.3742739243319249
5309,148,51,UR,0.8979256682276863
5311,86,130,LR,0.8335924970462976
5312,6,0,UR,1.1977618432181492
5313,208,37,LL,0.7754633797064144
5314,22,12,LR,1.2419915799813719
5317,37,156,UR,0.6828362994774039
5318,137,92,UL,1.4142135623730951
5319,128,235,UR,1.4630290988420038
5320,3,199,LL,0.11785113019775782
5322,158,130,UL,1.1435535999222577
5323,224,234,UL,0.929367709270899
5324,113,110,LL,0.9115853469668723
5325,25,56,LR,1.3054297389033187
5327,171,133,LL,0.7185515569590627
5328,77,234,UR,1.2761423749153966
5331,35,29,LL,1.4120217742871104
5517,102,137,LR,1.1842126403640787
5332,108,22,UR,0.7318722937971478
5333,37,199,LR,0.8110055156786469
5334,138,182,UL,1.251611208900385
5337,134,236,LL,1.2194101660764625
5344,151,47,UL,0.053521574869351024
5338,104,191,UR,1.092132134060825
5341,188,18,LR,0.4965401782550979
5342,1,106,UL,0.699180420245413
5343,124,220,LR,1.0911662500571722
5347,212,73,LL,0.8801520905479979
5348,175,4,UL,1.179519337388549
5349,250,36,UL,0.9450230615255448
5351,3,11,UL,1.1027955639631357
5352,233,196,UL,0.7071067811865476
5463,78,157,LR,1.4157159273061168
5354,16,246,UL,0.46775291304398214
5355,49,164,LR,1.2273268384464882
5356,60,72,LR,0.9988756605321129
5357,131,2,LR,0.7072183418209675
5359,250,76,LL,1.3970284436494242
5360,200,249,LR,1.3808919444113306
5361,224,9,UL,0.7527792317044839
5362,125,176,LR,0.1079579274029055
5364,240,120,LR,0.800167337110004
5365,125,230,UL,1.5
5368,254,69,UR,1.2258214580779838
5369,196,16,UL,1.573132184970986
5372,101,68,LR,0.5997479480777497
5373,80,2,LL,1.3142557756198656
5375,59,118,LL,0.8432900429449554
5376,157,169,LR,1.3345182183387088
5377,143,221,LR,1.0789112596004957
5378,102,121,UR,0.4855931243007706
5380,7,173,LL,0.23570226039551576
5381,25,112,UR,0.7505570332880576
5382,207,221,UL,1.3782575239726527
5385,170,7,LL,0.9153853761647143
5386,171,221,LL,0.9354484823905893
5479,70,167,LR,1.0100676907521238
5392,69,54,LL,0.4051033002798828
5393,66,106,UR,0.6020813883437389
5394,111,212,UL,1.0636671083625882
5395,76,115,UL,0.903550525494173
5398,119,187,LR,1.028040573506459
5399,55,127,UL,0.8817804852612611
5400,158,229,UL,0.9648477581232593
5401,53,94,UR,0.8178017775506291
5403,207,71,UL,0.5453257773234804
5404,155,129,UL,0.7789372928293347
5406,58,69,UR,0.8274182797093115
5407,250,13,LR,0.8552305413448431
5409,56,64,LL,0.14812925338250477
5410,37,200,LL,0.13804975780971424
5411,232,133,UR,1.2472473029051663
5518,51,192,LL,1.4919647321889613
5412,8,82,LR,1.081294216201243
5414,121,33,UL,0.9761704339925263
5415,41,90,LR,1.2698009650708946
5417,211,7,LR,1.4142135623730951
5418,252,39,UR,0.7625229226312439
5420,16,132,UR,1.1488579989778311
5421,44,120,LL,1.1785113019775793
5422,209,210,UR,1.227326838446488
5423,86,174,UR,0.8579491589413025
5425,156,174,LL,0.6555221107703881
5426,50,196,UR,0.9182913712884164
5427,120,76,LL,0.7811414595619083
5428,121,49,UR,0.642947991398428
5430,114,213,LL,0.6831254005908943
5431,169,23,LR,0.705008517224386
5499,211,55,LL,1.0749579113843055
5436,224,197,LL,1.0837129222115827
5437,194,106,LL,0.016344120768008875
5438,185,52,LR,0.6308252414224433
5439,10,199,UR,1.3734728825346452
5442,224,115,UL,0.7476206754149696
5443,251,74,LL,1.3347251643054434
5445,41,39,LR,1.3788592026194895
5446,223,147,LR,1.0977617185870736
5447,155,29,UR,1.0034794862536565
5448,136,160,UR,0.9213571834974535
5452,109,124,UL,0.7041456223588195
5453,87,41,UL,0.8127715641902844
5455,193,4,UR,1.3798405444490058
5456,36,142,LR,1.3653133501484933
5457,11,194,LR,0.4089943329926102
5458,243,235,UL,0.8399959406957217
5460,118,140,LL,0.0
5461,169,143,UL,0.9877698104979639
5462,53,137,UL,1.223436539372737
5465,31,147,UL,1.410197882490707
5466,250,201,UL,1.3682582690231753
5467,185,91,UR,0.08303293265456271
5468,254,86,LL,1.3816544078999637
5470,20,57,LL,1.288707635424487
5471,230,253,UL,1.022994327653077
5500,144,130,UL,1.4357337925165596
5474,25,58,UR,0.7822582218814992
5475,244,11,UR,0.667696057487089
5478,74,53,LR,1.0401510134063905
5481,60,41,UR,1.431975733923501
5482,100,64,LR,0.8307213102332022
5485,131,227,UR,1.5118446353109123
5486,190,232,LL,0.9300269552378554
5487,178,207,LR,0.11785113019775782
5488,242,130,UL,0.5517766952966369
5516,58,19,UL,1.0436899329495046
5491,176,109,UL,0.852282803999948
5492,134,218,LL,0.5995194078232323
5493,126,200,UR,0.8783736415590405
5494,17,192,UL,0.7603779608045375
5495,160,19,UL,1.3771893739751502
5496,42,139,LR,1.8208420075190943
5497,77,117,UR,0.7660323462854266
5498,43,223,LR,1.213225824324768
6787,122,87,LR,0.9916245780509721
6788,4,154,LR,0.6584796375823991
6811,162,134,LR,0.7278430382868679
6813,173,169,UL,1.0701391952746677
6814,178,15,UL,1.2007949100511872
5501,213,120,UL,1.2980045566615506
5502,235,178,LL,1.8678511301977578
5503,60,157,UL,0.5721084035922642
5505,30,198,LL,0.8067506658716463
5506,67,190,LL,1.106659099977747
6789,94,130,UR,1.7161059232497846
5508,81,192,LL,1.4054483948056387
5509,13,235,UR,0.46103836480716087
5510,58,225,UR,1.2150171096346447
5511,24,203,UL,0.33798826539432625
5513,232,64,LL,1.1858745407497937
5514,23,11,UR,0.6599602169962632
5519,41,170,UL,1.3107025096576677
5522,7,54,LR,0.7155445243070334
5523,184,149,LR,1.1481388782098223
5524,55,245,LL,0.9722594236541826
5525,119,92,UR,0.5081059853442919
5527,146,20,LR,0.125
5528,97,113,LL,0.8525152313112481
5530,72,24,LR,0.7702200572599404
5531,111,72,UR,0.8301713811635247
5533,242,211,LL,1.6980264306776374
5534,20,229,UR,0.9533061563320522
5535,198,35,UR,0.8678335932745518
5536,77,208,UR,0.6037346211638577
5538,80,14,LL,1.349492693252299
5539,213,245,UR,1.2898056695075648
5540,204,151,LL,1.4142135623730951
5541,191,202,UL,0.9268913084528557
5543,224,180,UL,1.1275223707116067
5547,244,38,UR,0.7503680286039084
5548,174,249,UL,1.0913319695528403
5550,36,87,LL,1.4874368670764582
5551,207,227,LR,1.7263512819685625
5552,223,22,UL,1.0198411439448714
5553,220,188,LL,1.189847882754335
5557,198,245,UL,0.0
5558,16,164,UL,0.4714045207910316
5559,24,144,UR,1.3022158772773982
5560,93,152,UR,1.1840949166102646
5562,162,216,UR,1.1760436696211392
5563,243,60,UR,0.8916529444660499
5564,37,128,LR,0.30056404805734
5565,168,145,LR,1.1553300858899107
5569,75,203,LR,1.1733504429679782
5570,77,69,LR,1.0222117000682986
5572,210,56,LR,0.41536420722579115
5573,201,193,UL,1.1553851325351945
5575,244,117,LL,0.4714045207910317
5576,71,29,UL,0.5537807385823152
5577,198,169,UR,1.1826566750742469
5578,50,163,UR,0.599190335295774
5581,99,229,LL,1.134479008173362
5582,133,2,LL,0.8382773665078166
5583,200,38,LL,0.9428613868158761
5584,97,211,LL,1.2157362304026536
5586,3,68,LR,1.3811340070446882
5587,192,203,LR,1.820842007519094
5588,124,222,UL,1.23659073267491
5589,127,248,LL,0.8880555859815159
5591,178,15,LL,0.6675181078218946
5592,145,56,LL,1.3106601717798212
5593,184,151,UR,1.7250423244607
5594,149,104,LL,1.1229332957685265
5596,139,100,UR,1.2132478173039347
5597,178,44,UR,1.1474832642585828
5601,124,114,LL,0.91117286423556
5602,230,45,LR,0.612938885137553
5606,166,105,UR,1.4142135623730951
5607,203,102,UL,0.0
5612,231,255,UR,0.9443608591060515
5613,118,186,LR,1.5086092003866889
5614,212,64,UL,0.29598139127471973
5615,255,47,UR,1.5069160922218647
5617,200,15,LL,1.4142135623730951
5618,39,44,LL,1.3521342017466216
5621,38,1,UR,1.4589948981172132
5622,95,46,LL,1.3197019067619709
5625,45,115,UR,1.0675973521928315
5626,112,131,UR,0.8492901072722627
5627,2,196,LL,1.344458847876237
5628,190,95,LL,0.44135973935909567
5633,171,205,UL,1.069839390252551
5634,43,232,UR,0.31843985457866236
5635,251,1,LR,1.334135417966857
5636,61,13,LR,0.7779770666896895
5638,253,190,LL,0.8453779855271389
5639,245,43,LL,0.84656557677073
5640,110,147,LL,0.7191511831660322
5641,41,161,LL,0.9728004244492029
5645,65,48,UR,0.5971411784822466
5646,64,193,UL,0.7302559322881416
5647,202,255,LR,0.3183763477618927
5648,169,147,UL,0.6302295022722565
5650,7,250,UL,0.6101981042541328
5651,173,116,LL,1.032240684958293
5653,213,106,UL,0.8061337577825364
5657,226,7,UR,0.9356702428795792
5658,16,5,UR,1.202013061009433
5659,216,228,UL,0.11785113019775793
5660,44,208,UL,0.28659646572961867
5663,40,135,UR,1.7448228486295518
5664,40,24,LL,0.9800339700071379
5666,138,45,UR,1.0222153320840157
5667,14,52,UL,0.5362838453760619
5685,146,249,UR,0.904364201886258
5670,73,4,LL,1.0766621334851314
5671,112,136,LL,1.3102229518376602
5672,250,122,UR,1.7086838677683471
5673,234,45,LL,1.4084837481960273
5675,247,180,UR,1.3753810409006175
5676,116,174,UL,0.26587176323564404
5677,12,13,LL,1.102795563963136
5678,191,212,LR,1.0186584341061007
5680,143,76,UL,0.5568096100684528
5681,80,152,LR,1.161496023857945
5682,41,243,LR,0.17677669529663687
5683,118,168,LL,0.6833933327654615
5981,206,144,UL,1.6540440414707214
5686,138,52,LR,1.3401441232681839
5687,227,98,UL,0.7984402551695569
5688,1,63,UR,2.0
5689,169,19,LL,0.2357022603955158
5691,173,3,UL,0.980965588041887
5692,129,32,UR,1.3762817642731193
5694,216,228,UR,0.6095410544432609
5695,23,220,LR,0.7660323462854266
5697,178,10,UR,0.2357022603955159
5698,217,236,UR,1.0931067865260808
5699,237,7,UR,1.5299350981028443
5700,242,80,UR,1.2222083173147333
5719,245,198,UR,1.0096500715749257
5703,12,63,UL,0.493476806748471
5704,219,167,LL,1.3090314097934947
5705,9,105,UL,1.731911212721383
5706,3,154,LL,1.3917410714349259
5709,121,245,LL,1.58646903903538
5710,109,19,LL,0.8431155549876839
5712,104,203,UL,0.840528173029139
5713,150,232,LL,0.5909457922063373
5714,63,247,UR,0.9471712405138488
5715,106,253,LR,0.7702981445473795
5717,143,46,UR,1.1124523619886384
5718,77,8,UR,1.2017235078896078
5982,23,75,UL,0.9082912447176388
5720,206,24,LL,1.2725256021364293
5724,100,223,LL,1.456150421114205
5725,205,234,UR,1.0633884722793945
5726,217,149,UL,1.0188664914796155
5727,172,98,LR,0.8951832496926195
5730,158,238,LL,1.4163602683495513
5731,200,158,LL,0.9010695782189022
5733,82,157,LR,0.4060966809816518
5734,249,17,UR,0.5143013716202012
5736,94,49,LL,1.144543274369778
5737,120,162,UL,1.3754451642976215
5739,150,130,LR,1.4142135623730951
5740,251,124,UL,0.6410682603348177
5749,214,43,LR,1.0288918443538928
5742,140,73,UL,0.6451266130426445
5743,132,157,LL,1.3811340070446882
5750,85,58,LL,0.995812289025486
5752,37,173,UL,1.3341947980072628
5753,47,83,LR,0.8112610473758941
5754,116,228,LL,1.3796957655086703
5755,103,96,LL,0.7348298206091588
5757,149,18,UR,0.46732449388889497
5758,122,228,LL,0.9600694444444445
5759,178,145,UL,0.6398759418314648
5760,52,237,UR,0.7214045207910317
5762,146,108,LR,0.7107185659966924
5763,138,153,UL,0.6841124535334705
5764,219,86,UR,0.9191466995004269
5856,9,3,LL,1.7357022603955157
5765,216,204,LR,1.381134007044688
5767,165,166,UL,0.8251886421269122
5768,123,171,UL,0.9420699108629675
5771,30,21,LR,1.1413900906615726
5772,67,48,UL,0.7986023426495081
5775,212,50,LR,0.8327770660097231
5776,207,12,UR,1.146641070162869
5777,242,134,LR,0.6705040514415277
5778,71,209,LR,0.6409152762640621
5781,153,26,UR,0.9526325744407519
5782,177,213,LL,0.0
5785,40,231,UL,1.0892556509887898
5786,211,87,LL,0.0
5787,191,247,UL,0.5849072665632262
5788,222,75,LR,0.5933199803454815
5881,171,190,UR,1.3811340070446882
5790,86,85,UR,1.406182202608319
5791,53,119,UL,1.273183486482285
5792,24,108,LL,1.4244120948325947
5793,50,34,UR,0.7071067811865476
5797,166,236,LL,0.8391709752330968
5798,50,156,UR,0.7781216172464347
5800,67,201,UR,1.1049202503029494
5801,164,254,UR,1.4142135623730951
5803,70,134,LR,0.6733767483527873
5804,143,114,UL,0.6755976174735834
5806,45,123,LL,1.1908727109547945
5807,218,103,UR,0.9025437499670466
5809,147,175,UL,1.2556280800960802
5810,197,190,LL,1.1351559985235338
5813,28,206,LL,1.0342920379279055
5814,31,200,UL,0.7803300858899106
5815,84,250,UL,1.6241731580073986
5816,152,52,UL,0.9581416434004483
5818,25,148,LR,1.286059729693285
5819,214,156,LL,0.5257362037805418
5820,192,7,LR,0.5486322800500342
5821,89,139,LR,0.7268235168400887
5825,40,39,LL,0.7179997561861534
5826,22,135,UR,0.988561206544345
5827,222,161,LL,0.7676414437629984
5828,134,48,UR,0.9001009185652467
5830,2,30,UR,0.9872675155650728
5831,94,253,UL,0.9878688964165319
5832,38,127,LL,1.1195857368787003
5833,182,14,UL,0.9030070040902158
5836,119,137,LL,1.1918008197005643
5837,223,97,LL,1.496226616802555
5839,131,205,UR,1.2255138789423012
5840,65,250,UR,1.0262285551012582
5841,66,14,UR,1.727847148900496
5842,118,134,UL,1.7020724838041508
5844,78,22,LR,0.5470618884345915
5845,237,173,UL,0.9686550513525356
5846,116,95,UL,1.8208420075190943
5847,254,68,LR,1.319508031167741
5849,2,173,LR,1.215017109634645
5850,229,180,UL,1.14957711974584
5852,4,218,LL,0.4571807312028829
5853,223,0,LR,1.3020477065845797
5855,242,137,LL,1.431690791070594
5857,224,128,UR,1.414213562373095
5858,180,188,LL,1.1312413561694732
5860,227,245,LR,0.7568035259034164
5861,213,181,LL,0.8886632945921681
5862,198,147,UL,0.8125759072940896
5863,219,86,UR,0.6402476766896221
5983,198,136,LR,1.1080545516295834
5867,82,25,LL,0.6051237822087165
5868,184,151,LL,0.528058110429665
5869,106,198,LR,0.7227916559876
5870,118,37,LR,1.3750108427322008
5873,24,252,UR,0.4448129887984793
5874,157,214,UL,0.6790797833079802
5877,91,140,LR,1.312098413315839
5878,197,38,UR,1.0329258642102508
5882,202,39,UL,1.5059223176554564
5883,120,199,LL,0.8898759418314647
5884,154,212,UL,1.4912435960674018
5886,90,74,UR,1.804737854124365
5887,28,132,UR,1.2426643111749536
5888,241,42,UL,1.2389187862806923
5889,156,77,LL,1.5121453870341122
5891,122,218,UL,1.280341763157095
5892,76,34,UR,0.9578951142163901
5893,40,44,UL,0.7875300620316021
5894,248,122,UL,1.2660323462854264
5896,208,73,UL,0.9139024996987587
5897,230,120,LR,1.233756587480721
5898,196,134,UL,1.617338620448891
5899,65,56,LR,0.9611506010047612
5901,194,25,UL,0.9175187833850749
5902,100,137,UL,1.1157784436494242
5984,133,192,UR,0.7507521744341258
5906,51,157,UL,0.6942611880255699
5907,174,44,UL,0.01985901581566995
5909,78,143,UR,1.402166522725931
5910,232,41,LR,1.3840104901167236
5912,52,36,UR,0.7793394009316174
5920,130,212,LR,1.1691814973162935
5913,253,243,LL,0.9348033810507029
5914,110,206,UR,1.2262974476260655
5915,108,12,LR,1.0714345666598986
5917,148,176,LL,0.2805021169820365
5918,210,124,LL,0.4271767775506291
5921,210,118,UL,0.9371002421988603
5923,55,74,UL,1.494149862394905
5924,68,97,UR,1.5200859345812765
5925,170,213,UR,0.9446649022952793
5926,131,214,UR,0.8034317626677724
5929,187,232,LL,0.7022086113416254
5930,107,140,LR,0.8299669558057271
5931,218,236,UL,0.8622513821760285
5932,199,57,LR,1.1948817281303972
5934,132,82,UL,0.0
5935,174,121,UL,0.7818793085664302
5939,39,147,UR,1.100930142166394
5940,177,103,LL,0.7092245812627301
5941,80,78,UL,0.9761072621233495
5942,196,133,LL,1.8442104413209512
5986,237,239,LR,1.391441845906727
5944,234,97,LL,1.5349926750057268
5945,130,80,LR,0.9059221930243804
5956,201,195,UR,0.6933874826873744
5950,175,251,UR,0.7534546852990163
5951,150,178,LL,0.6438998744253295
5952,180,68,UL,0.9347716995004269
5953,1,0,LR,0.8511694129870134
5955,210,96,LL,0.6416317755271268
5958,166,246,UR,0.7990571632586669
5959,10,29,UL,1.4671864365723923
5960,219,30,LL,0.9997560818261457
5961,172,120,LR,1.0652033405731298
5963,24,50,UR,0.9060368061805992
5964,129,104,LL,1.536252403545367
5966,216,65,LR,0.8838834764831843
5967,227,241,LL,0.6203362994774041
5970,135,152,LR,0.7424510479437657
5971,136,126,UL,1.1664642623304151
5973,17,204,LL,0.8133760718020742
5974,29,231,LR,1.6013551052815536
5975,211,130,UL,1.2182216070764103
5976,45,125,UR,0.8406515546469607
5978,91,103,UL,0.7424429493773478
5979,204,101,UR,0.5553341727684701
5987,182,237,LL,0.8197456853261941
5988,143,14,UR,0.5211012655079006
5989,251,24,UL,1.340623856156831
5990,19,169,UL,0.8884289318338441
5992,252,201,UR,0.8441488966086808
5993,86,99,LR,0.6551176362042266
5995,215,170,UL,0.984375
5996,119,3,UL,1.4142135623730951
5998,2,253,UR,1.383978484047696
5999,186,146,LR,0.9043175516027693
6000,173,170,LR,1.0062712935699991
6001,242,152,UL,0.36119578686680387
6003,244,10,UR,1.0826988883210173
6004,137,151,UL,1.1057107528973003
6005,68,91,UR,0.25148057941386404
6006,144,37,UR,0.9150064628496453
6007,30,245,LL,1.3796957655086703
6008,119,65,LL,0.8111888358413132
6010,99,65,UL,0.0
6011,130,42,UL,0.8978198396958055
6012,194,247,UR,0.6232675209046061
6014,178,242,LL,0.933683662278575
6015,26,68,UL,1.0786856653037749
6016,11,161,LL,0.8374859704614352
6017,192,151,LR,0.5446278254943948
6019,115,80,UR,1.0063611057715778
6020,79,190,LL,1.270389408771326
6021,148,251,UL,1.4142135623730951
6022,83,144,LL,0.4124789556921527
6024,202,125,LR,0.5926008595774728
6038,29,57,LR,0.8042443276530771
6026,77,114,UL,1.0010629602366659
6027,253,64,LR,1.3732593109474414
6028,69,25,LL,1.0385171149741783
6030,67,254,UL,1.1042725113612823
6039,127,69,LL,1.804737854124365
6031,98,81,UL,1.2782997372194234
6032,228,130,UR,1.2071067811865475
6033,30,150,LR,1.156836970688584
6035,158,241,LR,1.5544487530108748
6036,225,75,LL,1.087919622131671
6040,105,221,UR,0.5004031186130559
6041,54,4,LL,0.9803030773322766
6046,212,40,LR,0.8470601347422709
6047,189,6,UR,1.5598889664211617
6051,35,13,UR,0.6833933327654617
6052,135,36,LL,0.39942724627267945
6053,226,144,UL,1.3721121963732048
6054,117,52,UL,0.9374124476982977
6055,131,115,LR,1.1495771197458395
6073,21,253,LL,0.8639888492402451
6056,208,87,UR,1.4142135623730951
6057,38,60,LR,0.40104166666666663
6058,38,193,UL,0.0
6060,107,174,UR,1.0236490005053305
6061,24,48,LR,0.0
6067,70,120,UR,1.031934046921597
6068,207,85,LR,0.680742443990147
6069,93,145,UL,0.69637621245175
6070,50,69,UL,1.3149748963878742
6074,175,18,UR,0.8542301734834362
6075,32,206,UL,0.8678207569536321
6076,146,142,UL,1.058192539423381
6077,215,158,UL,0.5148248354920155
6078,27,54,UL,0.813499453419896
6079,126,177,LR,0.6495435503295964
6102,229,75,UL,0.8204438978643407
6080,130,107,UL,1.3158720305648695
6082,54,99,UR,1.1480643058793578
6083,207,74,UR,1.050074153601769
6084,179,32,UL,1.3106601717798214
6085,213,46,LR,0.7082135837312284
6088,205,19,LR,1.3515549042755965
6089,42,164,LL,1.168401273347609
6090,150,57,LR,0.8663230764601616
6091,245,0,LL,1.0746488802262553
6092,117,245,LR,0.8855436803002058
6093,245,226,LR,1.1898478827543353
6095,60,87,LL,1.3672677915248912
6096,213,93,UR,1.539917049339451
6099,81,250,UL,1.4142135623730951
6100,9,71,LR,1.031470457850835
6101,187,155,UL,0.7601100286299702
6103,249,1,LR,0.6767233928011029
6104,240,226,UL,0.899330356510196
6105,204,237,UL,0.23297909634182867
6106,166,123,LR,0.7775645839583771
6108,250,255,LL,1.2383591314876907
6109,184,91,UL,0.3535533905932738
6205,167,71,UR,1.1048204145826692
6112,154,13,LL,0.6745594581915579
6113,89,149,LR,1.578856521245329
6114,104,216,LR,0.8039552265395866
6115,86,165,LL,1.366142882991927
6120,65,47,UL,0.9049898784369708
6121,95,18,UR,0.48570226039551584
6122,141,244,UL,1.1994219299764288
6123,190,94,LL,0.8320461936700995
6125,84,214,UR,1.271108529539335
6126,172,251,LR,1.3132376472125078
6127,88,121,LL,1.3785158845689542
6129,134,13,UR,1.6172762468037336
6130,170,193,UL,0.6055538018632349
6131,223,26,UR,1.3909560830542642
6134,8,23,LR,1.5362524035453669
6135,144,157,UR,0.3333333333333333
6137,102,84,LR,1.0287436617814305
6138,247,24,UR,0.8657999475359398
6206,7,114,UL,1.6500582457398079
6140,10,59,UR,0.5267590965339775
6141,81,141,UR,0.47741959093786795
6144,134,180,LR,1.3333333333333333
6145,66,249,LL,1.5568861872577275
6146,215,11,LL,0.5274923086800045
6196,130,107,LL,0.9563540910022952
6147,242,185,LR,1.2761423749153966
6151,74,177,LR,1.0902797987993238
6152,5,193,LL,0.9692481633297826
6156,62,45,UR,1.2140576066392366
6157,60,171,LL,1.5074963840409277
6158,172,250,LR,1.4142135623730951
6159,212,210,LR,1.5404401145198807
6160,84,21,LL,1.1009572401731258
6161,191,4,UL,0.9641439837903674
6165,67,32,UL,0.8161204047946844
6166,61,158,LL,1.9267766952966368
6167,204,35,UL,1.059546105203706
6168,56,58,LR,1.3946201388596902
6172,56,47,UR,0.8154224529655988
6173,55,70,LR,1.2016197052060178
6175,15,75,UR,0.7896107462503469
6176,213,25,LR,0.9544646608728359
6178,188,110,UL,1.3054661477133565
6179,155,182,LL,1.0535587763013115
6181,13,35,LL,1.0864426747335236
6182,86,218,LL,0.9252246703126394
6184,132,215,LL,1.0226876896163806
6185,105,21,UL,0.965291098364604
6186,86,219,LR,1.2488457231315868
6187,200,197,LL,0.3501921495115534
6190,191,129,UR,0.9051731348558454
6191,62,93,LL,0.8084655176425672
6192,119,83,UR,0.9229978350377184
6193,93,63,UR,0.4742465038425776
6195,52,62,LL,0.8569533375371234
6198,82,147,UR,0.8215331634858155
6199,199,3,LR,1.1994364571980465
6200,231,154,UL,0.7469445624199923
6201,17,220,LL,1.641595164925075
6207,216,172,LR,0.9762127718703728
6209,90,91,UL,0.5761844635310913
6211,69,193,LR,1.3953479643455104
6212,213,65,UR,1.6582912447176388
6233,15,144,UL,0.4089943329926102
6214,115,32,UL,0.7250111529925551
6216,204,126,UL,0.7011945774510598
6217,27,75,LR,1.3427571939654046
6218,108,129,UL,0.9985068449742772
6219,138,254,LR,0.8535234531927475
6220,13,88,LR,0.6535024555137875
6221,45,254,LL,0.8156020668740162
6222,115,182,UL,0.8292989413771676
6226,246,233,UR,1.238748094978937
6228,114,58,UR,0.7353021781415235
6229,230,59,UR,0.9489946222281215
6230,206,66,UL,0.5027443329926103
6231,195,4,LL,0.8003472222222223
6232,111,0,LR,0.49322717746155736
6877,28,151,UR,1.131715042997468
6234,39,140,LR,0.7579217983211716
6236,208,46,LL,0.8605401729155646
6237,76,155,LR,1.2375087750817675
6242,218,170,LR,0.8412795814988172
6243,223,29,LL,1.2214045207910318
6244,60,129,UR,1.2251453345882664
6245,162,149,LR,1.2187172764547312
6246,141,251,UR,0.7660323462854266
6247,90,170,LL,1.8651663160691274
6250,206,254,UL,1.3371324004427096
6251,247,138,UL,0.9570856122476243
6252,104,11,LL,0.809727075065229
6253,33,251,LR,1.3279190702120336
6256,18,233,LL,0.8674022919054596
6257,99,132,UR,0.5288071685982002
6261,70,139,LR,0.8509236707568821
6263,118,255,LL,1.4794364285655062
6264,114,19,LR,1.108473037667236
6265,231,47,LR,0.7417742650536032
6268,52,28,UL,0.4731881062258751
6269,88,80,LR,0.846687836487032
6929,225,58,UL,1.1785113019775793
6271,82,37,UR,0.9326654435358499
6272,70,138,LR,1.360733522264928
6274,237,122,UL,1.3538074178603519
6275,151,201,UL,1.2811626075113514
6276,72,76,LR,0.7933764723929688
6278,193,160,LR,0.7830496179278806
6279,153,120,UR,0.8456772110553381
6280,86,225,LL,0.9823259230929996
6283,31,69,LL,1.2315568872988485
6284,51,214,UR,2.0
6285,252,13,UL,0.9640088877531456
6286,180,30,LL,0.6552030722563715
6289,18,234,LR,1.3071528328909763
6290,183,240,LL,0.5962986760964157
6291,203,89,LL,1.8291456223588194
6292,188,179,LL,1.5824761390860862
6293,243,203,LL,1.4668758154096508
6295,55,109,UR,0.7256061423410298
6296,116,51,UL,0.6651278928577082
6297,82,26,UR,1.3416464511148893
6298,229,89,UR,1.411394061393367
6299,198,192,LR,0.5680299828575541
6305,208,214,LL,1.3916752038222733
6306,80,61,UR,0.6464917286025706
6307,74,79,UR,1.090205391108658
6309,253,163,UR,0.8653571924565089
6311,148,14,UL,1.0395516422404865
6312,233,255,UL,1.1038125543062378
6314,144,223,UR,1.1456150030680468
6315,60,91,LL,1.14929533024484
6316,26,208,UR,1.5080772925061243
6326,94,92,UR,0.5652655019315336
6317,231,246,UL,0.9167725113612827
6318,63,73,UR,1.1124843414001906
6319,130,149,LL,0.9428090415820634
6322,183,229,UL,1.0923910370647283
6324,127,206,UL,0.9763113525335545
6325,221,80,LR,1.2761423749153964
6349,71,115,LL,1.172588984322123
6327,223,176,LR,1.5872019000710793
6328,104,243,UR,0.6658665021586823
6329,171,40,LR,0.23337917859582089
6330,242,17,LL,0.9038495064760467
6332,9,111,UL,0.49092905076156135
7244,81,216,LL,1.368585044498542
6333,14,11,UR,0.8371859846367843
6336,124,157,LR,0.6647560675982841
6337,166,133,LL,1.0343980472623195
6339,157,18,UR,1.2217124033900868
6340,242,184,UR,0.6186724636446655
6342,255,111,UL,0.6507861349694197
6343,223,12,UR,1.295600973529482
6344,102,187,LL,0.41482707732481816
6345,139,154,UL,0.0
6348,155,197,UL,0.8599020958875315
6350,134,219,LL,0.8861905257898421
6351,137,46,UR,0.3413573443334036
6352,101,239,LR,0.6925714559941467
6353,242,24,UL,0.9752468878667201
6355,140,161,UR,0.9673448016353593
6356,225,239,UL,0.8179886659852208
6380,29,219,UR,0.54395204744701
6358,4,79,LR,0.23883545031536982
6360,150,42,LR,0.7393480399707634
6361,178,160,UL,1.6207770876255916
6362,15,213,UL,0.8489495648717303
6365,72,128,UL,0.831805279595737
6366,5,133,LL,0.8989478111794097
6367,38,48,UL,1.344426517354357
6368,95,118,UL,0.9254696789037936
6370,227,169,LR,1.3376465373484823
6371,204,210,UR,0.9584603469668725
6373,41,162,UL,0.9383673033404711
6374,177,90,LR,1.3423014855722104
6375,21,117,LR,1.0296109651219019
6376,191,232,UR,0.8148953570780675
6378,34,130,UR,1.2148168053852155
6379,61,9,LR,1.1511423749153966
6382,204,140,LL,0.9330073047372724
6383,137,141,UL,0.5441725795363765
6384,187,19,UR,1.116991090888721
6387,8,192,LR,1.7315145494210018
6388,48,188,LR,0.4844020713492565
6389,236,77,LR,1.05817101937413
6390,28,239,UL,0.6644316319293208
6392,227,192,UR,0.9721383124309768
6393,190,15,UR,1.2200509550107068
6394,158,6,LL,1.1254281536192818
6395,206,76,LR,1.3489068710568113
6398,114,198,LL,1.1779630371511247
6399,113,172,UR,1.5156373899825804
6403,177,104,UL,1.559888966421162
6404,152,131,UR,1.4563462321554586
7289,20,36,LL,1.1928090415820634
6405,147,205,UL,0.5470618884345915
6406,246,220,UR,1.3109434874758217
6408,123,95,UR,0.8024271728019903
6409,85,226,UR,1.1567683274259284
6411,130,162,LL,1.051410182458888
6412,82,20,UR,1.0941160931568847
6413,240,200,LL,1.0017420829332315
6414,132,137,UL,0.9380616596518123
6416,57,98,LL,1.0511933566237701
6417,33,155,LR,1.5118446353109125
6419,211,51,UR,0.6137889808344151
6420,24,57,UR,0.9087243749697527
6424,221,222,LR,1.4142135623730951
6425,87,253,LR,1.3998311470129186
6428,210,44,LL,1.011446057487089
6429,97,215,LR,1.433967467133126
6430,242,168,LR,1.2042302981145123
6432,100,79,UL,1.6627880029470397
6433,250,3,LL,1.3724334043858306
6434,166,147,UL,1.414213562373095
6452,213,190,LL,1.853553390593274
6435,68,9,LL,1.0786908017496608
6436,169,29,UR,0.961847702136128
6438,54,229,UR,1.322208441945809
6440,151,81,UR,1.2157362304026536
6442,193,131,LR,0.6133743181097536
7082,69,139,UR,1.2222506551925798
6443,27,236,UR,0.886699988684905
6444,21,91,UR,1.4142135623730951
6446,151,51,UL,1.00587997977761
6447,113,115,LR,0.8313927968644245
6448,70,101,LR,0.7071067811865476
6449,208,213,UR,0.7172806354181446
6450,112,38,UL,0.9694241403957385
6453,199,177,LR,0.9668817388094638
6456,101,143,UR,0.9031601318112902
6458,146,132,UL,0.958893998637108
6466,185,197,UL,1.005641985003569
6459,64,147,UL,0.9064927115390627
6460,142,239,LL,0.8319797675530085
6462,133,255,UL,0.7849178791184167
6463,60,45,LR,1.1786434520570044
6552,145,194,LL,1.414213562373095
6467,166,61,LR,0.9244871829131852
6468,186,24,UL,0.9317682027948524
6469,15,16,LL,1.021321797597267
6473,133,156,UL,1.0711929560328757
6474,133,104,UR,1.362734874633875
6478,13,60,UR,0.49813207375705637
6479,211,175,LR,0.9419030323794628
6480,212,125,UR,0.8998538203820102
6481,184,203,UR,0.7653183619633034
6484,32,101,LR,0.8144447374838041
6485,92,242,UR,0.8064316273576299
6487,63,135,LR,1.0977439209548068
6489,148,82,UR,0.8352687333563562
6490,40,48,UR,0.8691254230453324
6491,226,155,UL,0.11785113019775792
6495,90,241,UL,1.6631118429593497
6496,131,217,LL,0.9240060569192174
6497,252,169,LR,0.848047187684847
6498,155,135,LR,1.4150266906895825
6501,139,114,LL,0.9605965403319757
6502,138,183,UL,1.305540927437931
6504,89,228,LR,0.6329314973870205
6505,70,227,LR,0.872377022776921
6506,101,239,LL,1.0942683274259284
6507,27,45,LL,0.7759219170645617
6509,252,2,LL,1.2745190528383288
6510,227,80,UR,0.617114472506543
6511,179,87,UL,0.4966681063301477
6513,162,228,LL,0.7016568210634562
6514,160,142,UR,1.3796957655086703
6515,236,64,UL,1.2745248810101306
6516,42,38,UR,0.46543472881184306
6578,233,110,UR,0.796558237548595
6517,53,119,UL,1.396954663940883
6519,110,152,UL,1.127961158827728
6520,139,61,UL,0.7085836381834275
6522,190,253,LL,1.804737854124365
6523,133,255,LL,1.4622882667274701
6526,31,185,LL,0.846716455086668
6527,198,32,LL,0.9282784436494242
6529,62,97,LL,0.44602723653720733
6530,57,73,LL,0.8349109889802104
6593,134,59,LL,1.4142135623730951
6531,205,253,LL,0.7495524434222756
6532,206,53,UL,0.9630514905125546
6534,175,98,UL,0.8405457099523449
6535,169,230,LR,1.5549334528788643
6536,67,254,LR,0.5570149660304964
6537,137,203,UR,0.6727598402636772
6539,24,252,LL,0.9289887692983547
6540,65,163,LL,0.9552648253808205
6541,131,229,LR,1.2133658017668099
6542,153,117,UL,0.5453257773234805
6544,249,176,UL,1.1327784923267847
6610,72,114,UR,0.6816572216543505
6545,195,193,UR,0.8408454302411904
6547,163,224,UL,0.589478788420365
6548,50,65,UL,1.1441643610547088
6550,241,28,LL,1.1048295446493401
6551,150,168,UL,0.9133551816392854
6553,242,194,UR,0.9346271489436816
6556,75,65,LR,0.9370902186801586
6557,244,62,LL,0.6816572216543505
6559,238,199,LL,1.1488579989778311
6560,60,183,UL,1.2982773702409383
6562,219,208,LL,0.7892266004201296
6563,127,70,UR,1.2258039211547775
6564,92,57,LL,1.1338834764831844
6565,174,72,LR,1.220093292888553
6566,172,216,UL,0.7567657344827977
6567,184,159,LR,0.7966618061805993
6568,240,131,LR,1.2020342299483564
6569,162,99,UL,0.5512007691322678
6790,2,82,UL,0.9381716464442765
6791,98,83,UR,0.819724777096332
6792,19,124,UL,0.8659018252672462
6793,184,220,LR,1.2240987417922304
6571,116,131,LL,0.29813875357874636
6572,92,129,UL,0.9166666666666666
6573,169,123,LL,1.0893578636676886
6574,152,8,UL,0.4360018836629298
6576,4,222,LL,0.4193087869803782
6577,238,38,UL,1.1539765201095857
6579,192,91,LR,1.0724292024187658
6581,37,129,LL,1.0124878487848317
6582,151,61,UL,1.3724334043858306
6583,150,26,UL,0.806883991101643
6584,45,241,LR,1.4830818731931612
6666,109,215,UR,1.0135822508521926
6587,168,254,UR,0.7696625082217563
6588,39,206,LR,0.9712381951439697
6590,220,17,LR,0.43020657964101267
6591,65,225,LL,0.4578821447398916
6592,199,112,UL,1.3228852248359717
6595,171,151,LR,0.5453257773234801
6596,17,44,UL,0.73597803042744
6597,0,187,LL,0.8483450572599402
6598,254,150,LL,1.1100378779826734
6600,209,207,UR,0.7967550695953611
6601,173,236,LL,0.928589021991955
6602,20,159,UR,0.87828970511032
6603,232,141,LR,0.7749648015225119
6606,25,166,UL,0.566293871746443
6607,186,112,LR,0.9233818000654016
6609,223,161,UR,1.148857998977831
6795,152,94,LR,1.1442361205829552
6796,80,31,LL,0.9994078928655302
6797,138,79,LL,0.6502838400365285
6798,80,82,LR,1.3473353309482725
6611,85,146,LL,1.4668315953338324
6612,19,43,UL,0.8012576874807835
6613,144,94,LR,0.9337412876744915
6615,33,100,LR,1.4142135623730951
6616,245,43,LR,0.5832737934798734
6638,49,232,UR,0.7873897229844922
6617,131,3,LR,1.4142135623730951
6618,50,90,UR,0.4117050965689774
6620,161,74,UL,1.071192956032876
6621,94,147,UL,0.9782372980370538
6622,11,251,UR,0.5892556509887896
6623,50,22,LL,1.0273302212000532
6625,129,71,LL,1.1826566750742467
6626,0,205,UL,1.4185674714411887
6627,147,163,LL,0.8449454452636833
6628,145,50,LR,1.1495771197458395
6640,39,35,UL,0.6105876472392966
6630,12,151,UR,0.5496354397241793
6631,2,150,LL,1.0189986415590404
6632,104,34,UR,1.0496193329926105
6633,164,88,UR,1.1000424625089225
6635,170,112,UL,1.3750108427322008
6636,70,208,LR,1.8333333333333333
6637,125,41,UR,0.558916796637276
6643,66,69,UL,0.4213727050671089
6644,52,142,UL,0.6809381008863418
6646,4,198,UR,1.686886723926607
6647,239,11,UR,0.8204438978643406
6648,219,104,UL,0.922976666098795
6649,137,1,UR,0.24334456626777895
6711,105,132,UR,0.984375
6652,249,10,UR,1.0011528256872961
6653,179,170,UR,1.003177984662846
6655,229,0,LL,1.3602257502705632
6656,161,167,UR,1.2020342299483564
6657,225,185,LL,0.9290152716484331
6658,190,150,LR,1.1668360181780522
6660,170,91,LL,0.583273458532281
6661,231,42,LR,0.776838449373255
6663,69,220,UL,1.297662605058861
6664,69,195,UL,1.3677484445230441
6665,1,220,LR,0.9749577867532294
6668,212,36,LR,1.0965914092256235
6669,222,130,UL,0.717013888888889
6671,235,249,UR,0.6694533375371234
6672,130,191,UR,1.0791879602366659
6675,23,2,UR,1.1063351534014345
6676,134,59,UL,0.4714045207910316
6677,3,250,UR,0.20018518041898908
6678,159,203,LL,1.0677042816367524
6680,113,165,LR,1.0071736707568824
6681,145,241,LR,0.8502192208608098
6682,59,245,LR,0.5993919850035689
6683,48,69,UL,0.9386290723956442
6686,182,238,LL,1.2316089879863352
6687,225,174,LL,0.7746968693479448
6688,112,124,UR,1.5114660141232252
6689,196,226,UR,0.927878361395432
6691,36,105,LR,0.3190355937288492
6692,20,15,LL,1.0425664812656528
6693,5,3,UR,0.8601999654626248
6694,23,213,UR,0.8981812160876685
6800,195,18,LL,1.5969914648221402
6801,3,171,LR,1.2052484636081862
6802,76,185,LR,0.6390436437668696
6803,116,176,LR,1.0386704339925261
6696,153,49,UL,1.1006769075212384
6697,52,170,LL,1.00342474789849
6699,49,60,LL,0.9990078106115381
6700,208,59,UR,0.5451444563516297
6805,234,163,UR,1.0775963996823
6705,165,37,LL,0.7248731109975368
6706,117,171,LL,1.2465765765703956
6707,206,22,UL,1.293401273347609
6708,233,52,UR,1.3020307225637153
6710,173,136,LL,1.123752278914291
6712,103,87,UL,0.5615319997467896
6713,116,204,LL,0.5303300858899107
6715,214,153,UL,1.0758387685219377
6716,83,248,UR,0.5656805795103148
6720,200,71,UL,0.4904170672575612
6721,70,232,UL,0.5900733524199802
6722,158,69,LL,0.6168042024541295
6723,80,188,UL,0.3535533905932738
6725,241,144,UR,0.5348004798174552
6726,162,45,LR,0.6878825453307861
6727,50,169,UL,0.6589220577142377
6728,190,126,UL,1.406182202608319
6731,199,173,LL,0.8906955843776745
6732,144,30,UL,0.9033771489436818
6733,128,223,LR,1.2553441154284757
6734,89,152,LR,0.5453257773234804
6737,178,16,LR,0.9883232117703042
6738,1,206,LL,0.25
6742,126,62,UL,1.3495511959375106
6743,123,75,LL,0.7517185741879051
6744,227,182,UR,0.5453257773234804
6745,139,248,UR,1.1691079936382975
6747,242,103,UR,1.540298733477778
6748,41,166,LL,1.2487559109300082
6749,16,218,LL,0.8912098544390259
6750,12,71,LL,0.8350212840627917
6752,43,50,LL,1.1228522253710755
6753,159,44,UL,1.4660828350265733
6754,21,4,LL,0.8513361268307196
6755,225,54,UR,1.3147257295361365
6757,113,197,UR,0.033828613496941974
6758,118,185,LR,1.8792630920237374
6761,12,99,UR,0.5145628057277816
6762,202,251,LL,0.9508055502160222
6765,5,204,UL,0.9009219170645617
6766,2,184,LL,1.0472345950898978
6806,29,116,LR,1.3796957655086706
6768,92,189,UL,0.6070187798009166
6769,248,74,LR,1.401269388548936
6807,44,78,LL,1.1023743127702204
6808,177,239,UL,1.2775806164514145
6810,242,56,UR,0.7554762655079003
6817,109,209,LL,0.8985511002320735
6818,164,179,UL,0.8226710680868543
6819,245,191,UL,1.5142278259632456
6820,7,28,UR,0.7924212818032025
6822,18,149,UL,1.2071067811865475
6823,36,50,LR,0.7601100286299701
7658,211,13,LL,1.296925739907637
6826,154,166,LR,1.175550143149851
6827,130,175,UR,1.3560520241100649
6830,109,93,LL,1.0657538652994605
6831,127,140,LL,1.1127918034771305
6832,117,28,UL,1.1779243312889955
6833,31,220,LR,1.3827075625067777
6835,97,43,LL,0.20932038627590938
6836,220,61,UL,0.745812289025486
6837,149,111,LL,1.1338075691890945
6838,126,24,LL,0.44206916106125554
6840,9,163,LR,1.1769763724051931
6841,179,82,UL,0.9209039795504613
6844,139,75,LR,1.0735795446493401
6845,185,112,UL,1.017978019200221
6849,237,42,LL,1.0044928445810417
6850,50,58,UR,0.9503455931609778
6855,149,195,LL,1.3002917824876508
6856,20,189,UL,0.8500899368326544
6859,166,158,LL,1.148857998977831
6860,137,251,UL,1.2194021579113112
6861,139,165,LR,1.3782738219355968
6862,33,221,UL,0.9506434627360709
6864,219,74,LL,1.1287128280064673
6865,213,74,LR,0.8013342751647984
6867,105,42,LR,0.9023389896616563
6868,152,72,UR,1.319545360087285
6870,198,116,LR,0.8182865355603142
6871,183,66,UL,1.121513872870289
6872,250,190,UR,1.9290264808124467
6873,183,163,UL,0.5892556509887894
6875,119,163,LL,1.1834976407044382
6876,108,152,LR,1.1841009626709165
6878,96,193,LL,0.860044450288192
6880,160,110,UR,0.44413780640774797
6881,60,128,UL,1.4174109128421684
6883,246,14,UL,1.0729838054991534
6884,139,230,LL,0.529658439445634
6885,66,165,LL,0.8856458929791047
6886,14,172,UL,0.7420940533693319
6888,180,148,LR,1.176389013519965
6889,89,168,LR,0.7440321491358305
6890,223,224,UR,0.5271732701659879
6891,32,28,UR,0.9736976651902004
6893,210,245,UL,1.2851060226101072
6894,60,124,LL,1.9104210037595466
6949,57,54,LL,0.3089255650988789
6896,219,145,UL,1.7594016706876352
6897,74,248,UL,0.8703275310158011
6898,198,9,UL,0.3570934957816993
6899,43,15,UL,0.773009333472606
6901,176,147,LL,0.7817005986047836
6902,26,110,UR,0.9977440570327918
6905,114,195,UL,1.5232710872062947
6906,103,139,LR,1.0793890037930671
6907,67,255,UL,1.3379867609641574
6908,26,174,LL,0.5297159534508031
6911,38,172,LR,0.8997304387641882
6912,226,238,LL,0.816328355604197
6914,53,241,LR,0.431963859691047
6915,65,49,LR,0.625
6916,100,71,LR,0.530151965916922
6917,128,26,LL,0.9386429829711286
6920,65,229,UR,1.0372022550559825
6921,211,187,LR,1.35782617118812
6922,164,93,LL,1.1395094289937162
6923,215,135,LR,1.1313348003867687
6926,195,138,UR,0.9656911007120692
6927,152,3,UL,0.8026827044992372
6930,111,34,UL,0.8153837309407344
6931,6,27,LR,1.1254073462854266
6932,160,79,LR,0.9132878886617402
6935,86,52,LL,0.8218148359280729
6936,120,200,UR,1.051440119859414
6939,175,2,UL,1.4251261428985094
6940,213,1,UR,0.625368453952768
6943,216,210,UR,1.2374368670764582
6944,117,224,UL,0.6178511301977578
6945,13,110,UR,0.8994528075237719
6946,159,162,UR,1.0902003660535193
6950,12,19,UL,1.2243868485576828
6952,60,175,LL,0.3678511301977579
6953,154,203,UR,1.1024565316607675
6955,60,150,LL,1.554737854124365
6956,59,63,LR,1.0873980937068803
6959,130,35,LR,0.884788033663417
6960,1,237,UR,0.9211084049082588
6963,192,224,UR,1.5157449045884144
6964,255,89,LL,0.6851294438765729
6966,245,212,LL,1.5361685574979134
6967,54,96,LR,0.9252997478984899
6972,231,163,LL,0.9482993556477716
6973,1,188,UR,0.8392556509887895
6974,80,186,UL,0.5820907486935102
6975,203,35,LR,0.6886527724382444
6977,192,161,UL,0.8323199750059481
6978,5,185,LL,0.921108404908259
6979,131,51,LR,0.0
6980,237,55,UR,0.9356018014089377
6982,185,26,UL,0.7458933327654617
6983,102,233,LR,1.5945335105420688
6984,208,238,LR,0.9047942215407763
6985,6,118,UR,0.8237170014824452
6986,18,57,LL,0.0820159423114605
6987,38,135,LL,0.3041384829584611
6988,72,120,LL,0.44001991384646116
7041,228,112,UL,1.0740818395822314
6990,132,15,UR,0.6122476864165198
6991,195,33,LL,1.1459815159057958
6993,110,1,UL,1.2071067811865475
6994,209,18,LL,0.7139313799596249
6996,48,85,LR,1.199464384913017
6997,227,91,UL,1.0514014139972852
6999,4,254,LL,1.1560492066579195
7000,205,34,UR,1.2488157857310607
7001,213,26,LR,1.2374368670764582
7002,117,78,LL,1.1451896840158147
7070,31,192,LL,0.5303300858899107
7004,146,5,UR,0.6125937058785258
7005,61,8,LR,0.8376305210181805
7006,129,219,UL,1.7068377271104607
7007,165,142,LR,1.414213562373095
7009,97,19,UL,1.4142135623730951
7010,13,75,UR,1.0644136249327063
7012,77,135,LR,0.05892556509887891
7013,207,64,LR,0.821623815890373
7015,170,255,UR,0.6544751830267597
7016,44,179,UL,0.9930591875712727
7018,105,31,UL,0.44555562880655464
7019,38,218,UL,0.8326630113579424
7021,214,160,UR,0.960068918199578
7022,204,52,LR,0.9082912447176388
7023,231,172,LR,0.3779611588277281
7024,185,119,UR,1.073702926267162
7027,54,209,UR,0.5741705298822901
7028,250,18,LR,1.161252403545367
7030,194,64,LR,0.7188135068167695
7031,51,2,LR,0.8970919504661937
7032,20,44,LR,0.8555634904343442
7033,78,119,LR,1.487436867076458
7035,124,251,LR,0.5197711390611152
7036,130,91,UR,1.1460908965468661
7038,153,87,UR,0.6320010278453677
7039,117,216,LL,0.9288230764601616
7040,64,113,LR,0.8671132706984961
7044,120,150,UL,1.1032276627149964
7045,243,25,LR,1.0205939083676552
7047,126,211,LR,1.3027534325272305
7071,221,8,LL,1.0486131321326573
7048,199,248,LL,0.9642644194503927
7051,9,84,UL,0.8945788429768367
7052,249,51,LR,0.7998573277666514
7053,208,20,UL,0.7071067811865476
7054,84,108,LR,1.0266074684163273
7056,38,232,UL,1.8922588984322122
7057,1,29,LR,1.2761423749153966
7059,181,119,UR,1.01906214837581
7060,71,7,UR,0.9175128010682146
7061,136,121,UR,1.4142135623730951
7080,21,60,UL,1.5229798165941948
7062,57,97,UL,1.5766094903900427
7064,98,126,UL,0.7935808977507661
7065,139,32,UL,0.9003050089754518
7066,200,110,LR,1.1689546746199495
7067,209,188,UL,1.316413137923892
7069,114,131,UL,1.630706736382697
7072,195,140,UR,0.7490589169509874
7074,23,2,UR,1.4395963979269248
7075,213,77,UL,1.414213562373095
7076,130,146,UL,0.8562260278014296
7077,225,59,LL,0.7772546383588163
7079,129,240,UL,0.7460275885997041
7081,219,52,UL,1.3460466117750873
7084,190,162,LR,0.9308632041030249
7085,97,221,UR,0.9401948328205875
7086,167,99,LR,1.1753333173147331
7087,76,97,UL,1.1237734478532142
7089,9,141,LR,1.080262528328729
7090,227,68,LR,1.4142135623730951
7097,110,131,LL,0.7587141249717989
7092,253,251,LL,0.6141719515140609
7093,5,100,LL,1.0074400661758098
7096,190,172,LR,0.3719701979096164
7100,104,161,UR,0.8793634701516194
7101,130,233,LL,0.951670306290081
7102,99,17,LL,1.4252495778312821
7103,75,62,LR,1.7955262042337485
7105,99,1,LL,1.2471975525188224
7106,134,181,UR,0.7691607290389918
7107,4,104,LL,1.0368867419936807
7108,188,164,LL,0.666215478073225
7110,141,195,UR,0.5522913907068481
7111,115,252,UL,0.8903822037276656
7115,215,35,LL,1.1603639312659726
7116,139,5,UR,0.7724107282711494
7118,155,178,UR,0.5383178260622664
7119,67,152,UR,0.5520234585322809
7150,157,128,UR,1.3811340070446882
7120,133,66,LR,0.5953751299706093
7121,204,15,UL,1.5778722923750625
7124,79,220,LL,0.5389191326751941
7125,198,177,LL,0.3824890772551819
7127,167,82,LR,0.0
7128,97,168,LL,0.6945889950011896
7130,26,36,LR,1.1008928826586373
7131,252,92,LR,0.7963339992049798
7134,129,4,UR,1.3796957655086706
7135,97,1,UR,0.9684975845683437
7136,108,173,UR,0.9566124944188072
7159,80,131,UL,1.4201404474093606
7137,67,4,LR,1.1481388782098223
7139,254,252,UR,0.5873713573052161
7140,104,16,UL,0.7403329766637818
7141,93,171,LL,0.8988349688304159
7142,66,136,LR,0.5381645070439183
7160,158,161,LR,0.4776709006307397
7144,139,27,UL,0.9674367300864952
7145,20,206,LR,1.1473436588504498
7146,78,199,UR,1.1920687518751316
7147,0,246,UR,0.6558247608542951
7149,255,134,LR,0.884586564758156
7151,33,3,LR,0.7593609704614351
7152,247,211,LL,1.308925565098879
7154,128,112,UR,0.7769389074076641
7155,25,212,UL,0.743335888207443
7156,147,124,UL,0.5470618884345916
7157,122,123,LR,0.8084867769827575
7161,85,205,UR,1.2157362304026533
7162,224,4,UR,1.2911101975510426
7164,39,228,UL,0.7913819473706055
7165,253,15,UL,2.0
7166,145,95,LL,1.0905705109069852
7167,51,129,UL,1.0840773083050341
7191,11,139,UL,0.9359595457850836
7170,253,188,UL,0.8009599083069571
7171,71,31,LR,0.8416096750317883
7176,44,100,LL,1.0367601593769964
7177,189,135,LR,0.9156975816641515
7180,194,189,UR,1.2172168098165177
7181,176,255,LL,1.4194254211581434
7183,234,58,UL,1.2013027087030275
7184,173,144,UR,0.6490500238583083
7186,100,237,UL,0.5446278254943948
7187,48,208,UR,0.7628032552831311
7188,30,73,LL,0.874633487162251
7189,234,20,UL,0.9236570810046745
7192,247,188,LR,0.8253755305615038
7193,152,79,LR,0.4714045207910316
7194,107,30,LR,0.773379467831332
7195,136,80,LL,0.8827008408829452
7199,124,104,UR,0.947315791070594
7200,84,178,LR,1.1195857368787003
7201,134,248,UL,1.3498334535416818
7202,29,139,LR,0.7811777142268874
7205,68,133,LL,0.908291244717639
7242,53,116,LL,1.4185159607423594
7206,230,90,LL,0.6954227289254173
7208,31,180,UL,0.6816572216543504
7209,56,10,LR,1.877961158827728
7211,110,221,LR,0.780865950239045
7212,119,146,UL,0.3658682558510028
7215,5,112,UL,0.8856371245175015
7216,251,229,LR,1.004033467019915
7217,181,150,LR,1.6254741977513767
7218,161,183,UR,0.0
7321,223,227,UR,1.13141852937548
7221,175,119,LR,0.973996864060924
7222,52,114,LL,0.7176866200824701
7224,10,51,UL,1.1338411386053382
7225,36,8,UL,1.3695857368787003
7229,105,86,UL,0.5257437970915733
7230,193,209,LR,1.3142557756198656
7231,105,220,LR,1.5116703547477515
7232,252,25,UR,1.1902515970240448
7243,246,86,UL,0.8792672502843208
7235,148,75,UR,1.25540828164569
7236,203,222,LL,0.7091159609181118
7238,214,133,UR,1.0993656796187596
7239,230,32,UL,0.9397843759375658
7241,21,4,UL,1.02760875638724
7246,149,145,UL,0.9400523081121328
7247,65,152,LL,0.6711894486482345
7248,47,11,LL,0.9888221249017988
7249,151,190,UR,0.884578546098265
7251,193,20,LL,0.570112458873004
7252,221,67,LR,0.9768807862989324
7253,54,222,UL,0.8737707092895275
7254,7,216,LR,1.6185738829814837
7256,107,32,LL,1.07173126108442
7257,100,26,UL,1.0019142310840998
7258,180,233,UR,0.6539768388944429
7259,45,211,LR,1.0848562506250436
7263,113,26,UL,0.7919134299023106
7264,118,41,UR,1.1889962607965734
7266,144,53,UR,0.6145833333333333
7267,168,214,LR,0.9824592644857316
7269,158,130,LL,0.7716069212527078
7270,87,116,LL,1.3149748963878745
7272,183,80,UL,1.212077779146285
7273,228,102,LR,1.0227511964331502
7274,154,182,LR,0.8602770317445507
7275,99,95,UR,0.25320142399638534
7277,163,114,UR,0.7379009395718757
7278,8,109,UL,0.8746970682175521
7283,53,116,UR,0.8526386129290701
7284,114,36,LL,1.6097410721674048
7286,132,44,UR,1.0432530907751467
7287,224,5,UR,0.8343459103747867
7288,5,96,LL,1.1890924064253403
7291,208,187,LR,1.114416109407496
7292,188,28,LR,1.1328911538732447
7293,101,236,UL,0.6610071447398915
7294,17,12,LL,0.3713744587594295
7320,22,177,LL,0.8702927759542461
7296,220,207,LL,1.253033434106101
7297,5,109,LR,0.9230153719609242
7299,183,113,LR,0.7626825589140449
7300,50,79,UL,0.8155738203741881
7302,155,245,UR,1.2222083173147333
7303,84,1,LR,0.8038396722843818
7305,28,76,UL,1.3859655699040867
7306,219,195,LR,1.1352582112024328
7307,250,23,LR,1.3960879295995896
7308,31,42,UR,0.7996931982756742
7311,86,116,LL,1.5118143096478431
7312,96,1,UR,1.4002380299560189
7313,211,45,LL,1.3651337466689175
7314,235,166,LR,0.7430376570272816
7316,139,120,LR,0.6441096226995424
7317,229,67,UL,1.3106601717798212
7323,236,63,LR,1.4316113001830943
7324,45,22,LR,0.306717096455403
7329,44,192,LR,1.1476183602958048
7330,197,62,UR,1.1439935051131547
7334,180,64,UR,1.2297993997888048
7335,221,184,LR,1.3689873229086187
7337,118,74,LL,1.3758755350624678
7338,187,43,LR,1.1157784436494242
7339,143,22,LL,0.7847470231768625
7340,152,36,UR,1.352490569180182
7342,135,24,UL,0.5428793139059636
7343,219,210,UR,0.7547907141561351
7346,191,247,UR,1.1740272258581408
7347,118,142,LR,0.9323684779075271
7348,91,246,LL,0.7385488060670251
7349,44,184,LL,0.8667231587141536
7351,222,189,LL,1.0000759072940897
7352,193,191,LR,0.9019768529733412
7353,90,54,UR,1.3458970894122548
7354,238,107,UR,1.1460661916614885
7356,50,135,UL,1.5816981273703223
7357,66,175,LR,0.8154875441190643
7360,9,128,LL,1.1765045411176946
7361,224,175,UL,0.8556928648637663
7362,146,179,UL,0.8814034436494241
7363,42,101,LR,1.0993656796187599
7365,150,49,LR,1.5924452120228132
7366,131,29,LL,1.4021665227259312
7367,7,40,LL,0.9590947919791886
7368,36,92,UL,0.7725519075212384
7370,127,239,UR,1.1929709482594808
7371,70,229,UR,1.5484350654087202
7372,105,39,LL,1.2604063937748948
7373,109,124,UR,0.9454314973870204
7375,172,252,LR,0.9582756441936257
7376,137,151,LL,1.4194254211581434
7377,171,148,LL,0.663883627811927
7378,215,148,LL,0.7173540963418288
7380,156,32,UL,1.317809440273448
7381,218,192,UR,0.7686460336287806
7382,93,7,LL,0.5299475405591245
7383,153,189,LL,1.1452968685008011
7385,58,212,UL,1.329497373923365
7386,245,128,LL,1.1400897208127792
7387,82,58,LL,1.1755501431498512
7388,229,235,UL,0.16023691763243347
7390,204,19,LL,1.3772405336295508
7391,210,85,LL,1.2488157857310604
7394,114,144,UR,0.4501129051406164
7395,55,164,LR,1.0519854120705967
7396,247,84,UL,1.0247304387641882
7397,1,143,UR,1.2294842007505145
7399,115,116,UL,0.8489619653490504
7495,8,139,UR,1.1938104675352996
7400,184,102,LL,1.142989622228874
7401,48,121,LR,0.9816551862634892
7402,76,1,UL,0.8353286081574086
7405,29,79,LR,1.3566839009323874
7406,127,43,LL,0.9049176031585983
7408,208,250,UL,0.7790600787905032
7409,40,110,LL,1.2496407511936856
7410,18,9,LR,0.6027942822485616
7411,242,36,LL,0.5607638888888888
7412,22,64,LL,0.7063329220633722
7413,243,209,UR,1.0757029121882637
7485,165,219,UL,0.7896151490572562
7417,71,40,LR,0.5050398276929222
7418,12,132,UL,0.0
7420,93,188,UR,0.9304226451796782
7421,165,35,LL,0.38129759895480814
7423,60,197,LR,0.6616916008476127
7424,56,220,LL,1.2924951632490018
7425,39,112,UR,0.5393048790048425
7426,7,103,LL,0.6843891541696409
7427,113,106,LL,1.1462873032447731
7428,29,179,LL,0.7133331097057606
7486,0,204,LR,0.9254618353784412
7430,87,121,UR,0.7934553199768597
7431,190,250,UL,1.3981508428435427
7434,175,56,LL,1.3636847318124858
7435,39,196,LR,0.566312429675162
7438,59,229,UL,0.9067051450620115
7439,53,211,LR,1.0106288983976013
7441,231,239,LR,1.0381681390596353
7442,20,188,LL,1.2707903949720891
7444,25,90,UR,1.222130022567285
7445,73,9,UL,1.5941160132503578
7448,188,170,UR,0.0832311206544345
7449,100,4,LL,1.2416245780509723
7450,127,23,LR,0.7482643941442755
7451,64,42,UR,2.0
7452,173,175,UR,0.9061715672702284
7453,120,82,UR,0.7375870431717405
7455,122,184,UR,0.3525539371733775
7456,249,239,UL,0.6545138888888888
7458,179,127,LR,0.8107739019128506
7459,153,80,UL,0.7357859151456956
7461,107,133,UL,1.0266997269883116
7463,45,214,LL,0.6841124535334706
7464,61,119,UL,0.9366100232904369
7465,196,100,UL,1.2538132755461364
7466,116,223,UL,0.8364689801183328
7471,220,169,LL,0.6586312657000494
7472,136,12,LR,0.6769723521928315
7473,151,6,UR,0.8848531409796175
7474,49,181,UR,0.8431155549876839
7667,56,170,LL,1.1704316220180964
7478,54,17,LL,1.2774168856518213
7479,11,114,LL,0.5759501007727674
7480,6,223,UR,1.034479415455148
7482,46,166,LL,0.11088551681439028
7487,78,27,UR,0.38617812531252194
7488,117,152,LL,0.6833933327654617
7492,24,213,UR,1.4969482581795013
7493,190,164,LR,0.5750380987585666
7494,6,62,UL,1.3784420192858904
7497,53,219,UR,0.6565091637129642
7498,175,105,LR,0.9348512968860301
7500,166,119,LL,0.11785113019775782
7501,186,233,LR,0.9714045207910318
7502,155,37,UR,0.8455148523715857
7682,128,46,UR,0.31605452101929643
7504,47,228,LL,1.2101912045733554
7505,2,145,UL,0.8284472451808741
7506,140,33,UL,0.9422308393550826
7507,90,203,LR,0.9946930860034848
7508,141,41,LL,1.1498305884425815
7510,161,248,LL,1.0679578778869754
7511,227,156,UL,0.9479554419405827
7516,199,183,UR,1.2243656796187599
7517,24,149,UL,0.9406181098617936
7894,183,67,UL,1.3729353643711288
7521,71,194,LL,0.5453257773234804
7522,43,31,UL,1.434773262847643
7523,71,31,LR,0.5852778367655517
7524,177,0,UR,1.1785113019775793
7526,175,75,LL,0.8261844635310913
7527,73,211,UR,0.8818458637812628
7528,177,150,LL,1.1358751192915428
7529,165,189,UR,0.4085431443991687
7532,113,55,LL,1.0245460709385337
7533,92,134,UL,1.3106601717798214
7534,2,226,LR,1.092872423767757
7535,121,243,LR,1.4142135623730951
7538,169,58,UR,1.4932356537298794
7539,12,33,UR,1.2761423749153968
7547,148,201,LR,1.3735706657491593
7541,33,252,LL,0.7866875596457712
7542,117,216,LL,0.639989533982171
7544,13,138,UL,1.3552879972742162
7545,155,98,LR,0.540123681348073
7546,219,43,UL,0.6212211397410813
7549,40,27,LR,0.39149794504174346
7550,214,143,UR,1.3632343196782315
7552,95,120,LL,0.569035593728849
7553,168,159,LR,0.8886505486725156
7555,254,161,UL,1.5072057139122261
7634,124,180,UL,0.2357022603955158
7556,177,97,LR,1.4469157782283888
7559,105,224,LL,1.5442661940614666
7560,213,107,UR,1.372948886749969
7561,237,38,UL,0.6137001629808743
7562,20,108,UR,1.0017346066809425
7565,222,75,UL,1.2460852729126675
7568,71,206,UR,1.4320120894844868
7569,39,192,UL,1.2216290835874994
7570,110,209,LL,1.3320456940827086
7571,80,202,UL,0.8973650190866468
7635,145,158,LR,1.1780477871453492
7573,68,172,LR,0.5776619960911517
7574,114,239,LL,0.5422835747557767
7575,106,20,LL,1.3419413375799707
7576,250,134,LL,0.695287271283128
7578,212,208,UL,0.578125
7579,194,120,LR,1.0704394046561645
7580,48,47,UR,1.0402387997596787
7581,255,249,LR,2.0
7584,100,203,UR,1.3079396663173946
7585,174,205,UR,0.8838834764831843
7587,182,68,UR,1.3710663162925643
7588,0,245,LR,1.1238590380504179
7589,154,24,LL,1.2165914310611818
7590,53,28,LR,0.9940854516313644
7592,27,56,UR,0.6139999946604666
7593,124,239,LR,1.1203315778856378
7594,132,226,UR,0.7847222222222222
7595,182,90,LL,1.5228462249871413
7597,105,247,LR,1.3348682152587643
7598,93,29,LL,1.385973742709036
7600,156,93,UR,1.2639173218592463
7623,91,216,UR,0.7625477235858842
7601,161,145,LL,0.8407201979096163
7603,48,217,LR,1.404103533743125
7604,171,202,LR,0.7559223176554561
7607,147,22,LL,1.1844793973880745
7608,83,195,UR,0.798611111111111
7609,152,60,UR,0.9450649845492717
7610,131,50,LL,0.8600054837170017
7612,166,13,UR,0.8429872653075663
7613,33,53,LR,1.1765838939569717
7615,221,87,UR,0.7544505067031952
7616,241,64,UL,1.0659159794368869
7618,78,17,UL,1.339425002500175
7619,187,192,UL,1.01679041746189
7620,174,213,UL,1.0632052158605199
7621,149,254,LR,1.031006868780073
7632,30,168,LR,0.9728004244492031
7624,247,32,UR,0.6149235407862732
7625,107,57,UL,1.7559223176554561
7626,197,241,LR,1.4845313343879316
7629,2,20,UL,0.5008611402210769
7630,165,138,LL,1.0446278254943946
7631,177,161,LL,1.4614073667696272
7638,230,166,UL,1.129429327269532
7639,165,201,UR,0.9897015785052693
7640,161,163,UR,0.9716724529655987
7641,98,247,LR,1.0222241005456187
7974,167,230,LR,0.9869784144515823
7644,176,131,UR,1.1171832860769926
7645,241,60,UL,0.9102262879623384
7648,125,233,LR,0.7790751007727674
7649,158,83,UR,1.9511844635310913
7651,9,145,UR,0.8395625230770718
7652,20,89,UR,0.36785113019775795
7654,240,12,LR,0.856862839277624
7655,232,122,LR,1.4395963979269248
7657,72,168,UR,1.1380711874576983
7660,243,207,LR,1.1402920565784946
7661,137,234,LR,1.1495771197458398
7662,8,79,LL,0.7339030573217548
7663,28,119,UR,1.0437755231467079
7665,178,0,LR,1.4142135623730951
7666,172,121,UR,0.7924616947287653
7668,28,47,LR,0.9145256718032699
7670,240,161,UR,1.2331211053001565
7671,47,73,LR,1.5525330174966063
7674,72,223,UL,1.3916752038222735
7675,243,235,LL,1.2353322858498437
7676,198,213,LR,0.9703499997363717
7677,58,158,UL,1.026683375710417
7679,56,39,UL,1.3100344952291083
7680,130,195,UL,0.2163159370598033
7681,63,59,LR,0.806242207819361
7684,31,254,LR,1.0298506346339054
7685,103,87,LL,1.1589891965467245
7687,20,239,UR,0.9354999236776314
7688,54,241,UR,0.5803996502142413
7689,81,166,LR,0.5470618884345916
7690,76,251,UR,0.8275131331287643
7693,101,100,UL,0.536666390706848
7694,137,6,UR,0.4984807147240066
7695,122,91,UR,1.0270746895028062
7696,96,57,UR,0.24498732356286124
7698,143,249,UL,0.6862328646198574
7699,119,251,UL,0.889148052601853
7700,209,140,UR,0.7945978880938686
7701,91,174,LL,1.445911858257792
7703,232,80,LR,1.1410448210012782
7704,185,78,UL,0.5455002652807519
7705,150,253,UL,1.5488191684846262
7706,38,129,UL,0.9049811099753678
7710,110,92,UR,0.9635029608045373
7711,96,61,LL,0.6164552265395866
7713,184,85,UL,1.0542863943271223
7714,63,225,UL,1.4142135623730951
7717,236,225,UL,1.308836635854591
7718,167,48,UL,1.1526458617499384
7719,178,68,UR,1.038240414338008
7720,239,240,UR,0.9030052227882507
7723,250,161,LR,0.882986235742187
7724,95,222,UL,0.4409055144065903
7726,236,19,LR,1.1523014589500984
7727,98,192,LL,1.0438276609864103
7728,122,254,LR,0.8621105645310073
7729,110,197,UR,0.7213393230735641
7731,112,111,LL,0.6516074684163273
7732,17,177,LL,0.9042408202684358
7736,46,138,LR,0.3904382818732024
7737,18,102,UL,1.1008637959558298
7739,156,247,UR,1.2351137852767633
7740,122,50,UR,0.6839141751323319
7741,122,235,UL,1.1283349356969112
7742,10,252,LL,0.5620188740060321
7744,206,91,LR,1.2818953410594678
7745,104,145,UR,1.3035624083170285
7746,84,149,LL,0.9119343228814152
7747,249,75,UR,0.6541685449900632
7750,15,97,LR,0.8866788092512419
7751,69,143,LR,1.151057699159704
7752,85,158,UR,0.8253543616225806
7753,25,66,LR,1.5111774239331173
7758,23,29,UR,0.9738537598585514
7759,227,145,LR,1.3665486707568826
7760,72,148,UR,1.2818953410594673
7761,233,80,LR,0.9146574869351027
7763,135,214,UR,1.0480014670534357
7764,138,124,LL,1.3595599053406127
7995,225,140,UR,1.7199538787776938
7765,209,198,UL,1.0428569593217287
7766,200,87,UR,1.0984808393550827
7769,196,11,LR,0.544604460399387
7770,69,201,LL,0.3998414199046899
7772,254,127,LL,0.7513995356738885
7773,182,110,UR,0.4675285842991
7774,110,9,UL,0.8835096996140013
7775,241,184,UR,0.9482944742429511
7777,231,2,LR,1.3673207324153576
7778,170,103,LL,1.4142135623730951
7780,182,53,UL,0.6544540140878363
7781,90,20,LL,0.3733062267667353
8004,217,186,UR,1.475406503160041
7784,22,188,UR,1.1374790803232286
7785,18,27,LR,1.0387040034087698
7786,163,165,LL,1.3859996494024607
7787,195,108,LL,0.6276421203137115
7789,197,249,UL,0.7648160670304126
7790,128,110,LR,1.5422313416880629
7832,66,81,UR,1.1380711874576983
7791,222,170,LR,1.3757976019200875
7792,205,240,UR,0.6572370529425761
7794,120,125,LL,1.1116330705527566
7795,98,45,UL,0.6651773187911996
7796,41,66,UL,1.1467006366738044
7797,59,164,UR,1.5863754035208104
7800,24,32,LL,0.5824097872075267
7801,111,86,LR,1.1322648284168266
7802,66,47,LR,1.3959787935048449
7803,210,233,LL,0.6289534281227169
7805,255,212,UR,0.8431155549876836
7806,174,182,UL,0.4339255650988789
7808,197,52,UR,1.5946524151144505
7809,172,252,LL,1.1195010611230076
7810,71,99,UR,1.3149748963878747
7811,213,54,LL,1.3460466117750873
7816,19,153,LL,1.0562184335382292
7817,205,24,LL,0.6890159034745971
7857,249,203,LL,1.251144057225693
7823,220,83,UR,1.5050503669617503
7824,242,11,UL,1.031470457850835
7825,233,78,UL,0.11785113019775795
7826,63,140,UL,1.2049494188825212
7827,168,163,UR,1.4347358120426124
7828,79,39,UL,1.6581107372912918
7829,46,238,UR,1.2976547405440289
7830,53,179,UR,0.8454861111111112
7831,210,236,UL,1.3700410465805104
7833,39,73,UR,1.200161225335323
7834,253,84,LL,0.7670157672122854
7835,254,61,UR,1.4796571414574067
7836,61,11,UR,0.4901191976824677
7837,118,83,UR,0.6231018014089377
7841,228,48,LR,1.0814320773937274
7842,109,128,UR,0.843115554987684
7845,9,219,UL,1.293401273347609
7846,75,52,UR,0.8307882892526348
7847,104,13,LL,0.9428090415820634
7848,168,190,LL,1.3811340070446882
7850,101,236,LR,1.2039672473447651
7851,87,56,UL,0.9415198913920233
7854,227,188,LL,1.7955262042337488
7855,99,234,LR,1.1583335825954852
7856,91,103,LR,1.2136212059764737
7859,62,245,LR,1.2430029447859374
7860,59,240,LL,1.4600248789262935
7861,3,69,LR,0.6036432027948524
7862,146,61,LL,1.2843544438326349
7864,8,112,UL,0.6909846226995423
7865,122,230,UR,0.5466916531798586
7867,75,65,LR,0.6709366021997232
7868,20,131,UR,1.0914553511706626
7869,98,157,UL,1.2907971623433663
7870,169,235,LR,0.5783929321745671
7872,132,223,UL,1.214297988866636
7873,192,237,UL,0.7071190855946055
7876,63,122,UL,1.078715060296699
7877,214,169,LR,1.2578289554285247
7878,83,8,UL,0.8922712989095325
7879,115,0,UR,0.5303300858899107
7881,169,2,UR,1.1387903082257071
7882,68,77,LR,1.314139455400213
7886,159,73,UR,0.783862427459511
7887,196,148,LL,1.2117307548415013
7888,93,184,UL,1.585435569860901
7889,214,141,LR,1.0346448104979635
7916,200,99,UR,1.0716168182359953
7891,120,85,UL,0.7570590576006635
7892,202,152,UR,1.2071067811865475
7895,181,6,UL,0.6792250941611775
7897,211,205,LL,1.103957104862983
7898,125,8,LL,0.6234507773234805
7899,141,39,UL,1.1848140373782734
7900,33,25,LL,0.9747829371908903
7940,162,62,UL,0.6501093520792574
7902,211,141,UL,1.3844919139060687
7903,81,177,UR,1.115748894445542
7904,237,7,LR,0.9421585640767101
7905,145,179,LL,1.0577221915765715
7907,35,214,UR,0.5626445505567451
7908,233,138,LR,1.5118446353109125
7965,164,166,LL,1.7559223176554561
7910,21,179,UL,1.400347346853298
7911,148,217,UL,1.0094967525565772
7912,63,227,UR,0.6525645839583771
7913,7,176,UL,0.9670813360114928
7915,20,217,UL,1.135194704385663
7918,211,63,LR,1.2020729358104856
7919,148,111,UR,0.9307620019348991
7920,24,236,UR,0.7952053416634548
7921,100,121,LL,0.5391933022076871
7923,148,236,UL,1.4142135623730951
7924,98,166,LL,1.1780477871453492
7928,232,173,LR,1.0379308036860395
7929,108,47,UL,1.3796957655086703
7930,52,37,LR,0.5109014246763517
7931,18,173,LL,0.6751946530055861
7933,190,2,UR,0.8415999759659393
7934,203,156,UR,1.2319533375371234
7935,2,115,LL,1.6624789556921524
7936,101,115,UR,0.946217756987516
7937,172,144,UL,1.589562289025486
7939,204,13,LR,1.3480544517162811
7941,26,206,LL,1.363155987844467
7942,143,203,UR,0.9644732903694112
7946,226,169,LL,0.4831148784369709
7947,82,88,UL,1.2662453754650287
7948,135,236,UL,1.4506324133851118
7949,142,255,UR,1.157701471721577
7951,0,237,UR,0.802227458541219
7952,193,127,UL,1.2669881696181624
7954,167,136,UR,1.3613845897589392
7955,19,98,LL,1.4680677352216194
7957,49,123,UR,1.2613610524517995
7958,4,5,LR,1.346616210180264
7959,18,36,LR,1.5841567620403185
7960,76,244,LL,0.8887914833762787
7962,199,151,LR,0.9654047914113169
7963,69,161,LL,1.0578486999547243
7964,152,140,UL,1.304737854124365
7967,169,39,LR,0.5372543662382095
7968,38,28,LL,1.4799882293384155
7969,37,165,UR,0.5736270189730726
7970,190,102,UL,0.7516697277483321
7972,110,209,UR,0.7688040694121503
7973,188,193,UR,1.2253477236030332
7975,86,193,UL,0.8037839290864374
7978,147,37,LL,0.6056472460805307
7979,210,220,LL,1.139094415158727
7980,44,193,UL,1.1605553499950567
7981,187,28,UR,0.9296955162465188
7984,88,213,LL,0.6470020421953527
7985,183,59,UR,0.38024383819660035
7986,104,219,LR,1.340863244036193
7987,37,83,LL,0.6545900407293042
7989,215,243,LR,0.9467463573052161
7990,69,137,UR,0.9315099591913943
7992,231,153,LR,0.8798929268350337
7993,134,167,UL,1.7112944921610616
7994,68,232,UR,0.8291417353020367
7998,41,83,UL,0.9251575476428879
7999,234,204,LR,1.0976473499771804
8001,176,231,LR,1.3149748963878745
8002,106,108,LL,1.049550689729955
8005,182,131,UR,0.6441694975005947
8006,151,147,LL,0.7939570991596243
8007,98,70,UR,1.1151514748893971
8009,156,206,UR,1.4282542335246926
8010,167,198,LR,0.7071067811865476
8011,193,27,UL,0.42677669529663687
8014,96,135,UL,1.4142135623730951
8015,59,55,UL,1.247377544195043
8017,187,143,UL,0.5523636659852207
8018,12,250,UL,1.5993656796187596
8021,2,16,UR,1.3120984133158389
8022,7,73,LL,1.4142135623730951
8023,83,232,UR,0.8456430621451764
8024,104,231,LL,0.6175444921610614
8027,24,163,LL,0.596575376732586
8028,32,118,UR,0.7624013118206469
8029,216,236,UL,0.5783118884345917
8030,39,136,LR,1.0251241028577205
8032,31,182,LR,1.1043995249948217
8033,139,250,LL,1.5547378541243648
8036,59,7,UL,0.9547900908898371
8037,220,116,UR,0.7367259029506636
8038,91,211,UR,1.2692305426254746
8039,117,139,UR,1.1993054822691929
8043,215,192,UR,0.7442658419989692
8044,213,14,UL,0.8084057332427819
8045,22,21,UR,0.7828364241084801
8046,64,226,UL,1.3106601717798212
8049,237,133,UL,0.5200842751647983
8050,14,123,LR,0.4710891885312638
8053,10,105,UR,1.050550143149851
8054,164,58,LL,0.5978674672124273
8055,69,106,LR,0.4878472222222222
8056,220,82,LL,1.3934014350650012
8931,13,120,LR,1.2107658918433613
8058,233,231,LR,1.0742986654173492
8059,34,173,UL,0.9154065451036375
8060,19,0,UL,1.2416245780509718
8061,230,90,LL,1.2287191100889423
8065,167,65,LR,1.3547077425414695
8066,184,85,LL,1.1060657111287036
8068,206,63,UL,1.3861038031963788
8069,33,2,UR,0.3541243182940803
8070,59,92,UL,0.649471275051224
8071,199,240,UR,0.4197559981157702
8074,233,2,UL,1.501011853897216
8075,32,184,LL,0.5885416666666666
8076,25,127,LR,0.8303656821066138
8077,109,119,UL,1.288000223407882
8088,253,167,UL,0.4647966517838099
8079,56,208,LR,1.0095302953153453
8080,182,173,LL,0.7629999065273634
8082,0,242,UR,1.4313939158435383
8083,110,170,LR,1.131428228441329
8085,43,249,UR,1.0749579113843055
8086,118,89,UL,1.3358293986601308
8089,209,92,UR,1.1488579989778311
8090,120,209,UR,0.8298012363100585
8091,154,142,UL,1.0227176270169067
8093,118,175,UR,1.1644716090112839
8094,109,80,LR,0.649964801522512
8095,196,177,UR,1.4800278496420556
8096,255,165,LL,1.013143462736071
8100,104,29,LL,1.1618445106798365
8101,142,84,UL,1.311020048502361
8104,57,253,LR,1.6969967525565774
8105,141,164,UL,1.2111199033077829
8106,26,224,UR,0.9390141488301075
8107,51,84,LR,1.129526413997285
8109,45,248,LL,1.1232971871013313
8110,11,77,UL,1.083418009089026
8111,220,36,UL,1.0264242119974527
8112,167,174,UR,0.7222557916384654
8114,139,229,LL,0.8193262848470309
8115,57,75,LL,1.0301179501623394
8116,183,75,UR,1.2049494188825212
8117,126,27,UR,1.0165397776642033
8119,34,148,UR,1.2689723361742316
8120,62,193,LR,1.1716670015435322
8122,6,2,UR,1.297781323160713
8123,22,228,UL,0.8086864750807934
8125,131,236,LR,0.7437090427624973
8126,71,19,UL,1.3890435428708627
8149,158,10,UL,1.220812413656562
8130,93,103,UL,0.8722009343202184
8131,179,47,LL,0.6315479942061695
8132,202,105,UL,0.6538632467437369
8148,26,101,LR,0.6847592990231068
8133,124,246,UR,0.7490133780742788
8135,198,135,LR,0.482651289366209
8136,56,205,UR,0.8011933566237703
8137,83,249,UR,0.4508865939559978
8138,33,223,UR,1.3308524449751096
8141,249,59,LR,1.080545158032708
8142,133,124,LR,0.5470618884345916
8145,75,58,UL,1.618351973949532
8146,249,44,UR,0.6404928499205748
8150,223,66,UL,0.9122022550559825
8151,86,121,UR,0.9332006218270639
8154,167,21,UL,0.7767600271382235
8155,83,28,LR,1.293401273347609
8157,94,175,UL,1.0884554864808051
8158,116,144,LL,0.7351189217226493
8159,51,13,UR,1.0313106407654997
8160,92,111,LR,1.5372368293150034
8162,10,11,UR,1.0058226199174993
8163,135,230,UR,1.2847398180624754
8164,220,166,LL,0.9577200572599404
8165,54,112,UR,0.9033140569810315
8167,161,218,LR,1.0774730180644778
8168,227,109,UR,0.8937482358129395
8170,39,10,LR,1.414213562373095
8171,51,112,LR,1.2146215738378803
8177,160,87,LR,1.0752433804820787
8178,118,157,UR,0.7565954685299017
8179,45,26,LR,1.0826988883210173
8180,22,39,UR,0.721933796671912
8183,140,189,UR,1.24306281958699
8184,161,252,UL,2.0
8186,128,199,UL,0.7573269897752306
8202,82,159,UR,0.8852212599847931
8187,203,239,UL,1.1278159012235824
8189,17,192,UL,0.8322476997275757
8190,253,246,LL,0.9085132069986424
8192,0,192,UL,0.9680768491255547
8193,18,92,UR,0.5560614825041638
8194,68,204,UR,1.2893927242751777
8195,223,22,UR,1.3598542494639914
8197,86,227,UL,1.4142135623730951
8198,236,171,UL,0.8320645175472328
8200,148,16,UR,1.0957700757787154
8201,197,27,LR,0.6481812160876685
8203,118,28,UL,0.8870341129249775
8205,44,201,LR,1.804737854124365
8206,121,144,LR,0.898136256704878
8207,229,161,UL,0.9314468567340044
8208,138,193,UL,1.1300398276929222
8210,222,203,LR,0.969842897637192
8211,204,189,LR,0.8032572747105009
8214,251,225,LL,1.0294551787436677
8215,208,169,UL,0.8118867239266071
8217,141,148,UL,0.6604186534584037
8218,235,66,UL,1.0223051442855944
8223,87,168,LL,0.8934361207147691
8224,183,105,LL,1.3248520666896895
8226,221,127,UL,0.8179886659852208
8227,0,48,LL,0.8289200280620987
8228,242,76,LR,1.3478930179687798
8229,126,236,LR,1.127547171666247
8231,102,235,UL,1.214297988866636
8232,197,203,LL,0.6828786373552505
8233,179,37,UR,1.730797821708448
8234,195,70,LR,0.7756751538289177
8236,58,38,LL,1.005160859009601
8237,2,15,UR,1.2670564940959608
8239,14,177,UR,1.9023689270621824
8240,166,250,UR,1.399972038896471
8241,11,100,UR,0.9808465349924426
8242,158,155,UL,0.9424652021134066
8245,246,207,LR,1.1553300858899107
8246,154,169,UR,1.5303300858899107
8247,119,219,LL,1.163201708475879
8248,95,51,LL,0.6640705162465187
8315,124,115,UL,0.6841124535334706
8252,111,56,LL,0.7430978934334018
8253,236,176,UL,0.9684345935017005
8254,4,19,LL,1.1860690224954165
8255,6,154,LR,0.7660323462854266
8257,231,41,UR,1.7071067811865475
8258,99,253,UL,1.059964798635469
8260,184,136,UL,0.6896722034837569
8261,227,186,LL,1.1488579989778311
8263,28,193,LL,0.4089943329926104
8264,41,19,LR,0.8148865886164645
8265,110,125,LR,0.0
8266,139,219,UR,0.5944303245046126
8353,98,110,UR,1.05313437169059
8269,55,28,UL,1.4979921180798463
8270,71,52,LR,0.6841124535334705
8274,64,50,UL,0.9438034908704016
8275,191,163,LR,1.4895155359416525
8276,117,89,UR,1.5416795409151536
8405,103,165,UR,0.7723686511023639
8277,122,146,LL,1.8291456223588196
8279,246,218,LR,1.3174794371417433
8280,252,115,LR,0.885722714714705
8282,180,232,LR,1.4097382547152595
8283,13,198,LL,1.2030272328823222
8287,168,4,UL,1.2701662180248
8288,79,6,UL,0.986309107813709
8305,139,86,LL,1.7292709536161632
8290,143,115,UR,0.5603849755738198
8291,190,116,UL,0.9518137720975214
8292,183,237,UL,1.5637515718315271
8293,77,46,LL,1.111803926494311
8306,206,182,UR,0.7077907957826736
8296,59,210,UR,1.2394161094074962
8297,24,135,LR,1.1769079204398112
8302,47,4,UL,0.8873396662123694
8303,89,79,UL,1.3314933985491522
8307,71,30,UL,0.735229902863151
8308,198,193,LR,0.9083898253808205
8311,5,24,LR,1.2572346997190267
8312,19,104,LL,1.3808492449284164
8316,81,222,UR,1.0166244534198963
8317,212,28,LR,1.2200896608728358
8318,28,64,UL,1.4539432180225678
8320,65,73,LR,0.48123572686727867
8321,81,204,LR,1.4982572156873635
8322,175,63,LL,1.232276008066857
8323,176,152,LL,1.2076921989567566
8325,86,2,LL,1.0672607767556088
8326,34,179,UL,1.1468201949786356
8328,251,244,UL,0.9562389620959499
8329,70,67,UL,0.6409476705297338
8330,168,75,LR,1.190929555064779
8331,181,177,UR,0.732598917474921
8333,139,226,LR,0.6669258303796309
8334,12,156,LR,0.6527901782550979
8336,109,68,LR,0.6904791106050537
8337,53,164,LL,0.6666666666666666
8339,149,87,LL,1.1221259471356348
8340,109,188,UR,1.2229074442943906
8341,43,153,UL,1.414213562373095
8342,119,139,LL,0.47066700673410233
8344,168,119,LL,0.6582664437629984
8345,183,59,UR,1.0726857551215259
8347,249,87,LL,1.1488579989778311
8348,185,210,UL,1.2722556279508361
8349,233,160,LL,0.6736258618895745
8350,204,239,LL,1.2754303954520845
8354,100,62,LL,0.9305591875712725
8355,61,160,LR,1.0324121898055527
8356,42,181,UL,0.5225606759828414
8359,66,26,LR,0.8736077283575457
8360,105,121,UR,1.296097754248684
8361,139,223,LR,0.6561029982461046
8362,71,124,UL,1.7147923288834277
8364,59,79,LR,1.4142135623730951
8365,6,49,UR,0.951079863398834
8366,156,210,UL,0.5549023823067265
8367,204,58,LL,1.394938943322121
8369,51,105,LR,0.7766600106154092
8370,163,68,LL,1.7357022603955157
8371,162,6,LL,0.4124789556921527
8372,107,102,LR,0.9067817859950779
8374,189,92,UL,0.8538125543062379
8375,92,119,LL,1.2150171096346447
8380,46,23,LL,0.9264388171553604
8381,255,10,LR,1.167729201554473
8384,111,46,LR,1.2121406265626096
8385,80,212,LL,0.9986464342196751
8386,146,169,UL,0.8411538495798521
8387,245,161,UR,0.9234243929843133
8389,15,62,LL,1.3690371266099133
8390,205,89,LL,1.1467006366738046
8391,196,46,UR,1.0332157522776686
8392,5,39,UR,0.7290768544650879
8394,116,226,LL,0.8678511301977578
8395,237,52,UL,0.6969967525565773
8396,232,252,LR,0.7852405496481506
8397,138,132,UR,0.9420351824588881
8399,237,60,LL,0.7112944921610614
8400,32,191,UR,0.4647243765054373
8402,113,114,UR,0.2357022603955159
8403,34,20,LR,1.2614971638265384
8404,57,204,LR,0.5205055263577137
8407,209,250,LR,0.7289018507576901
8408,168,54,LR,0.9570856122476243
8410,235,227,UL,1.540649139583958
8411,110,21,LL,0.4344190915701669
8413,183,65,UR,1.4142135623730951
8414,20,148,UL,0.2946278254943948
8417,38,184,UL,0.18652905378899284
8418,55,186,LR,1.3805502002027514
8420,88,101,UL,0.8799316326971629
8421,55,213,LR,0.9919754894125385
8422,128,122,UR,1.0652453435033833
8423,220,161,LL,0.8131804149058794
8425,200,98,UR,1.643607551323497
8426,158,51,UL,1.1375319308124279
8427,98,202,UL,1.0094918444942818
8428,103,37,UR,0.8793210580352413
8432,164,95,UL,1.1668360181780522
8433,162,124,UR,1.0638835887553735
8434,59,241,LR,0.6867509418314649
8435,6,202,LR,0.88554519039837
8437,98,119,UR,1.4685404381963165
8438,171,90,LL,1.5183492383082515
8440,25,233,LR,1.269670288003317
8441,219,78,UR,1.0776650429449552
8443,227,210,UR,1.0155953870523264
8444,72,174,LR,1.6654059179627643
8445,182,91,LR,0.5791456223588194
8446,229,107,LR,0.42677669529663687
8451,109,100,LL,0.9967065571512114
8452,46,202,UL,1.1162544331975062
8454,86,69,UL,0.6604625119291542
8455,90,180,UR,1.254927299302041
8457,238,198,UR,1.1362540326066117
8458,79,99,UL,0.7038923610561885
8460,126,205,LL,1.0560140081804315
8461,148,119,LR,1.0992722354014641
8462,189,144,LL,1.241624578050972
8463,90,129,LR,0.9154259964843874
8464,22,240,UL,1.204865737474866
8466,160,251,LL,0.49149756441743303
8467,162,0,LR,1.083418009089026
8468,162,102,UL,1.1495771197458398
8469,137,10,LR,0.7644882600547929
8471,175,121,UL,1.487603065170038
8472,38,3,LR,0.8714565130101782
8473,68,240,UL,0.8545192745969266
8474,30,111,UR,0.5929591092090052
8476,7,122,UR,0.8693886279601378
8477,97,188,LR,0.25587634776189255
8478,203,205,LL,0.21976285873999402
8479,72,137,LL,1.1966003023183023
8482,9,193,UR,0.7336702046615947
8483,201,113,UR,1.1741403926599872
8485,2,219,UR,1.1000723999094484
8486,59,7,LL,0.6930175823802339
8487,79,84,UR,1.0494168325870965
8488,151,45,LL,1.0560140081804315
8490,74,36,UL,1.0569886606456873
8491,161,110,LR,0.9401333518521084
8492,175,93,LL,1.2753057749398988
8493,53,185,UR,0.4580566326971631
8495,214,67,UL,1.406182202608319
8496,224,106,LR,1.2818953410594676
8513,148,215,LR,0.88176118802557
8499,146,241,LL,0.8845354584187065
8500,53,97,LR,0.9119554918203384
8501,0,187,LL,0.9581624773917791
8502,182,141,LL,0.5265986999547242
8504,67,254,UL,0.357471893346642
8505,30,121,LR,1.066162742672531
8506,39,27,LR,1.3055899708427734
8507,110,33,UL,1.1836158802083792
8509,167,98,LL,0.9800339700071378
8510,176,224,UL,0.37734425073861805
8512,194,242,UR,1.0950086171328606
8514,80,184,UR,0.8588128302660565
8515,46,57,UR,1.6438188096958741
8518,143,239,UL,1.1380711874576983
8519,43,194,UR,1.0690355937288492
8520,242,229,LR,0.9794557677801571
8565,218,228,UL,0.6063364294480134
8521,32,140,UR,1.0038248301524821
8523,16,190,UR,1.1455638967285973
8524,134,170,LR,2.0
8526,63,29,UL,1.3919861437698717
8527,207,235,UL,0.7660323462854266
8566,6,122,UR,0.6230209118140205
8531,23,25,UL,1.4142135623730951
8532,24,30,UR,0.693018603385747
8533,22,152,LR,1.644428661213559
8534,154,29,LR,0.6731810914565926
8651,24,56,UL,1.7750355190557654
8536,122,157,LL,0.6970179214955005
8537,61,189,UL,0.6902443329926102
8539,206,20,UL,0.7777245551887707
8540,67,45,UL,1.3365485194281397
8541,118,245,UR,0.5655670777608757
8766,19,105,LR,1.1119396819319776
8542,68,119,LL,0.7460495977416066
8544,104,177,UL,0.3559750530561503
8545,206,125,UR,0.9891357767556089
8546,92,168,UR,0.5318880770280331
8547,234,232,LL,1.0602954079185667
8549,198,14,LR,1.37194310557088
8550,73,104,LR,0.6416889650794434
8551,216,98,UL,1.0246909564428714
8552,54,126,UL,0.5453257773234803
8554,215,2,UL,1.1171568103843894
8555,46,44,LL,1.1205419693975605
8557,45,70,UR,1.1157784436494242
8558,232,197,LL,1.1980137428996795
8560,217,84,UR,0.7072053618497294
8561,74,185,LL,1.3927632248813895
8562,11,124,UR,0.7907642894797834
8563,44,246,UR,1.6754962345029236
8567,26,253,UL,1.4142135623730951
8568,2,123,LL,0.5089097818679934
8570,217,145,UR,0.5067823569644933
8571,20,135,UL,1.3029990843560946
8572,79,41,LR,1.02246209531966
8573,137,175,LL,1.441905616732192
8575,105,24,UL,0.44036771461043234
8576,213,132,UR,0.33665223653720733
8577,156,208,LL,1.284907138057575
8578,76,22,LL,0.9814933804820787
8580,201,2,LL,0.4534440385140166
8581,11,23,LL,0.9991822985688095
8587,23,84,LL,0.899585888207443
8588,61,70,UL,0.8578788990164804
8589,120,132,LR,0.7064038413886391
8590,94,193,LL,0.7212301869788189
8592,123,212,UR,1.0702887176375004
8593,190,35,LR,0.985838042490658
8594,4,37,UR,1.1689546746199495
8595,2,239,UR,0.8988667674394342
8599,3,253,LR,1.0971659794368869
8600,168,155,LR,0.4944270892759415
8602,18,130,UR,0.9709063203090338
8603,117,204,UR,0.08333333333333331
8605,233,100,UL,0.5470095165433035
8606,70,167,LR,0.7855048498070004
8608,107,164,UR,1.456563392938169
8609,8,130,LR,1.7074361515093828
8612,14,141,UL,1.4568084700998591
8613,43,16,UL,1.181937554306238
8614,120,25,UL,1.1172579116565082
8615,40,59,LR,0.6458581342879738
8617,187,142,UR,0.6994116619114016
8618,128,188,LR,0.7387684075521456
8621,93,165,UL,0.9258479061609423
8622,123,74,UR,1.1840949166102646
8624,153,68,LR,0.9273337285846946
8625,99,127,UL,0.6645728111794098
8627,123,65,UL,1.0850679400142753
8628,231,92,UR,0.5607769487666542
8660,21,109,LR,0.733608404908259
8630,249,254,UR,1.0188936265726636
8631,159,191,UR,1.3578819143860643
8632,173,10,LL,0.2946278254943948
8633,37,64,LL,1.349492693252299
8635,87,244,LR,1.2071067811865475
8636,22,36,UR,0.4638750411050269
8638,31,250,UR,1.0769072163148172
8639,79,129,UL,1.3744962006369401
8642,95,132,UR,1.2262631816571619
8643,249,178,LL,0.8635911439448712
8645,199,93,UR,1.0918291118771104
8646,136,249,LL,0.5040292555102797
8648,98,79,LL,1.281176220291459
8649,13,150,UR,0.8734208399229543
8650,29,68,UL,1.0574909555785785
8653,157,128,UR,1.4142135623730954
8654,34,137,UR,0.4089943329926104
8661,217,101,UL,1.1510333130591832
8662,5,20,UL,0.8902312350104606
8663,146,52,UR,1.1966390719242235
8665,126,142,UL,0.7476010165742106
8666,78,103,UL,1.2071067811865475
8667,159,69,LL,0.3397614818681355
8668,58,181,LR,0.864263369883066
8669,121,97,UL,0.749501337082826
8671,196,133,UL,0.9981735609371839
8672,64,104,UR,1.6178280475766431
8673,111,16,UL,0.9040962697116907
8674,37,204,LR,0.8764510568674573
8678,98,31,LR,0.9965642931518179
8679,45,244,UL,1.3438109547236123
8682,180,125,UL,0.5712987740700163
8683,38,189,LR,0.810142514249078
8684,110,186,UL,0.5303300858899108
8685,215,13,LR,0.5477810092026004
8688,108,156,UL,1.138978515461189
8689,236,37,LR,0.7669434919339129
8690,123,1,LL,0.0
8691,47,58,LR,0.793189583958377
8693,97,79,LR,0.8936796030450238
8694,42,49,LR,0.8678335932745519
8697,69,207,UR,0.0
8698,18,154,LL,1.1309646555333026
8700,19,114,LL,0.6666666666666666
8701,120,211,LL,1.095193942154337
8702,109,28,UR,0.8568039693193494
8703,116,130,UR,1.1266287619863264
8705,243,235,LL,0.7449490962986433
8706,208,50,LL,1.1725889843221229
8707,165,242,UR,0.8566054463718852
8708,160,179,UR,1.1432196459899793
8723,118,100,UL,0.6833933327654618
8710,41,72,UL,0.7505906027043011
8711,42,200,LR,1.3219418390668722
8712,5,85,UR,1.2100751717202394
8713,32,8,UL,1.4163369032545436
8715,185,163,LR,1.3092219302438037
8716,39,2,LL,1.3298878370180354
8718,108,219,LL,1.1351435980462137
8719,219,15,LL,0.8491549103390341
8720,126,128,UL,1.2374368670764582
8721,188,219,LR,1.0117475590778997
8724,92,100,LR,1.1140934388777624
8725,1,230,UL,0.43952521222460145
8726,59,94,UR,0.6001975361717602
8728,206,19,UL,1.804737854124365
8729,249,149,LL,1.0788389843221229
8730,191,8,LL,0.9549669558057271
8731,201,79,LL,0.42677669529663687
8733,70,37,LL,1.14957711974584
8734,230,206,UR,0.6706148784369709
8736,66,11,UR,1.1747961874137602
8737,148,165,UL,1.2296598638583576
8738,195,176,LL,1.0582261830781563
8739,244,240,LL,1.1585584908342856
8742,42,221,LL,1.0463252307433766
8743,229,233,UR,0.5303300858899107
8747,227,16,UR,1.0426877038796054
8748,225,246,UL,0.7814704578508349
8749,253,202,UR,1.275937949557599
8750,127,192,LR,1.507161744050729
8751,94,33,LR,1.241776360313681
8752,103,160,UR,1.2714901281031397
8776,251,28,LL,1.3811340070446882
8753,74,13,UR,0.7484139165071075
8754,67,19,UR,1.3592456844876248
8755,193,112,UR,1.0737561117039538
8759,249,73,LR,1.239857157423494
8760,28,151,UR,1.0005164557226962
8763,240,38,LL,0.7780281730291391
8764,146,159,UL,1.1124843414001904
8765,186,91,LL,0.5635593282209486
8770,179,60,UL,0.09196278254943949
8771,191,142,LR,1.4550468195683866
8773,105,16,UR,0.9033260426042324
8774,38,186,LL,1.8851052004742013
8775,134,34,LL,1.3811340070446882
8778,135,168,LR,1.1110972062036224
8779,235,150,UL,0.7085800965689772
8780,161,97,LR,0.9786618301353585
8781,81,240,LL,1.0969615540790891
8783,0,13,UR,0.45661839116114533
8784,103,104,UL,0.6805332913725878
8786,151,123,LR,1.226586548739556
8787,187,50,UL,1.0112029262671622
8789,154,241,LR,1.0591509043545342
8790,149,105,UR,1.1093063567373445
8792,84,97,LR,0.9388695982733624
8793,165,158,UR,1.5708864721412379
8794,23,255,UL,0.9999736946151909
8795,113,151,LR,1.1724368404543462
8797,60,175,UL,1.0576639971814774
8798,164,198,UL,1.2466584234270341
8800,153,22,LL,0.7353021781415235
8801,25,118,UL,0.9402165545959534
8802,253,83,LL,1.4142135623730951
8803,180,44,UL,1.4142135623730951
8805,42,248,LL,0.864334209301806
8806,134,60,LL,0.8090223806228307
8807,109,226,LL,0.6328803910475712
8808,232,158,UR,1.2122665126266332
8810,129,22,LL,1.014921911725028
8811,246,102,UR,1.0223618180877845
8812,11,68,LR,0.9422607767556088
8813,37,255,LR,1.0490571632586665
8816,27,58,UR,1.5695723410352744
8817,62,99,LR,0.9357638888888888
8819,117,73,UL,0.8543659555785784
8820,242,129,UL,0.8985477289254173
8821,136,180,LR,1.3673141229576236
8822,63,36,LL,0.8539359359240599
8825,161,94,UL,1.027998985430325
8826,168,102,UL,1.115778443649424
8827,212,47,UR,1.1878384955627617
8828,108,20,UR,1.2214109017992765
8831,57,145,UR,0.8718364368360203
8832,118,32,UL,1.7935788347502604
8836,209,24,LR,1.5052606899031367
8837,61,101,LR,1.255821152573647
8839,136,236,LR,0.9375438374812703
8840,42,113,UR,0.0
8842,200,76,LR,0.8422766846175702
8843,85,173,LR,1.1161142482954547
8844,186,49,UR,1.1900522814546575
8845,169,122,UR,0.4939703332197589
8847,103,132,LR,1.3398771587841791
8848,102,113,LR,0.9711916352617483
8849,159,86,UR,1.2358027611842368
8850,187,94,LL,0.811460474270129
8853,73,87,UR,0.5070141886191398
8854,25,30,LL,2.0
8856,211,170,LR,1.2071067811865477
8857,143,56,UL,1.7144636017983022
8860,5,88,LR,1.168401273347609
8861,196,219,UL,0.9517891414506751
8862,223,49,UR,1.1517344820498665
8863,134,223,UL,0.8358070117504256
8865,182,31,UL,1.4510319847157218
8866,142,0,LL,1.7095597692626279
8868,100,167,UL,1.0927665790731411
8869,154,7,UL,1.1229332957685263
8871,38,241,UL,1.074069439104911
8872,133,98,UL,1.0706942931157017
8873,109,5,UR,0.6884359466031266
8874,229,26,UL,0.722923806067025
8878,36,161,UL,0.6076001830267596
8879,41,86,UR,0.8523547071785129
8880,165,119,UL,1.4142135623730951
8881,84,4,UL,0.9025346465578509
8884,170,251,UL,1.0725483725269527
8885,70,255,LL,1.5864690390353802
8886,164,234,UL,0.7817347580096851
8887,156,226,LR,0.5746951156556241
8889,95,152,LL,0.8517873420816364
8906,194,19,LR,1.0019952748240752
8890,79,235,LL,0.9955704071946622
8891,68,169,UR,1.296362432175337
8892,101,126,UR,1.1752736604025313
8895,30,62,LR,0.5529893425359337
8896,100,177,LL,1.4393964391198282
8897,26,1,LL,1.286252403545367
8898,81,22,UR,0.8226348295846104
8900,112,120,LR,1.4874368670764582
8901,12,220,UR,0.740642661554282
8903,96,35,LR,1.0315215641902844
8904,97,68,LR,0.5460448980914892
8905,247,3,UR,0.9850254775053533
8910,88,138,UL,0.8576213519656828
8911,251,129,UL,0.633071230282737
8912,150,149,LR,0.7763431682574771
8913,133,199,LR,0.2922738756899277
8916,37,136,UR,0.2129518299268132
8917,18,134,UR,0.9649835402184015
8919,156,255,UR,1.1195857368787003
8920,244,49,UL,0.6127809292607099
8921,53,234,UL,0.6927718401501028
8922,56,96,UR,1.5879817463378594
8924,118,163,UR,0.5690355937288492
8925,237,30,LR,1.2548518972633378
8926,207,162,UR,0.8331052878394626
8927,22,125,LR,1.362181888215654
8929,243,63,LR,1.050550143149851
8930,103,72,LL,1.0640864241084802
8932,65,217,LL,1.1160300777951484
8935,153,50,UL,1.3827075625067777
8936,224,53,LR,0.10341760849813163
8937,99,48,UL,0.5175479995457025
8938,124,2,LR,1.520159310771689
8956,154,57,UR,0.9405546030450239
8940,137,23,UR,1.0684434865943797
8941,61,225,LR,1.3761820456115808
8942,9,209,LL,1.5797021826510622
8943,166,164,LL,1.6422588984322122
8946,26,73,LL,0.6324803087935789
8947,201,139,LR,0.7927429418221634
8948,9,143,LL,1.3149748963878745
8949,172,23,LR,0.41247895569215276
8951,42,118,LR,1.032580892411233
8952,72,172,UL,0.9043430329473345
8953,236,102,LR,1.2561031228771806
8954,116,223,LR,1.8922588984322122
8957,202,84,LR,0.951512169610704
8959,56,57,LL,1.480707350106424
8960,78,38,UL,0.8173929268350337
8962,138,156,LR,1.3959756829072494
8963,137,230,UL,1.480707350106424
8999,247,78,LL,0.8838834764831844
8966,133,163,LL,0.444252999057885
8967,238,40,UL,0.6391859077662634
8969,186,8,LL,1.0306512139960096
8970,7,174,LL,1.0353639312659724
8971,164,30,LL,0.8950455693026691
8972,88,133,UR,0.8350307385823152
8975,178,86,UL,1.1075628863667875
8976,164,113,LR,0.5850730764601615
8978,177,94,UR,1.3683831978913767
8979,123,71,UL,0.7778192649579052
8981,78,198,UL,1.804737854124365
8982,8,130,UR,1.498237291310799
8984,48,106,LL,0.9885101002048957
8985,138,135,LL,1.8535533905932737
8986,56,64,LR,0.7405078899699127
8987,149,221,LR,1.1546915835130178
8991,4,2,UL,1.6881143559959528
8992,173,23,UR,0.7426678737788837
8993,212,64,LL,0.841894139286784
8994,215,79,LL,1.247077217754804
8996,51,108,LL,1.0964891965467245
8997,205,41,UR,0.6222381300841836
9000,227,9,LR,0.7586134223910642
9002,23,53,UL,0.4369465987276595
9003,180,245,LR,0.9275082165419659
9005,213,214,LR,1.1032379840949744
9006,146,157,UR,1.1287497687293668
9007,43,111,LR,1.2030617433975515
9008,188,236,UL,0.5034211158827727
9012,95,243,LR,1.1911755313464953
9013,137,18,UL,0.7863261832539084
9014,199,43,UR,1.289086548739556
9015,103,94,UR,1.001986506362472
9017,243,81,LL,1.066040871152873
9018,17,108,UL,0.7265614870758547
9019,158,19,UL,0.7073646631849377
9020,216,118,LL,0.6401556788266989
9023,162,22,UR,0.8666720523747045
9024,243,12,LR,0.720486111111111
9025,101,123,LR,0.4149517244944787
9026,208,182,UL,1.1046085605536389
9028,108,234,UR,0.9671078383615712
9029,6,194,LL,0.760333841624726
9030,140,164,LR,0.7825377780741992
9031,101,1,UL,1.0090243950242124
9033,119,237,UL,1.0216629251597127
9034,113,48,LR,1.2761423749153966
9042,92,83,UR,1.5494301370111874
9036,43,127,UL,0.8493197097251963
9037,126,149,LL,1.3021560928776126
9039,27,91,LR,1.2588834764831847
9040,143,179,UR,1.3811340070446885
9043,203,159,UR,0.7906587854007555
9044,175,44,LR,1.18823840750896
9045,93,182,UR,0.9225889843221229
9047,129,170,UR,1.9023689270621824
9048,210,77,LR,0.7262303087935789
9057,103,189,UL,0.5435173909339968
9051,90,251,LR,0.8978016804584708
9052,10,193,UL,0.8493832165419658
9054,144,56,LL,0.9567454047946844
9055,162,57,LL,0.8458898253808204
9056,231,84,UL,0.8504724821634406
9059,50,5,UL,1.2595919409236227
9060,179,60,LL,1.014513061009433
9063,65,127,UL,0.6826231056580034
9064,34,32,UL,0.8362645547605353
9070,64,184,UL,0.8693387871725268
9071,82,196,UL,0.8509724001377131
9072,216,239,UL,0.8901438740060322
9073,200,9,LL,0.6280210336287805
9076,194,21,LL,1.167146288230466
9077,41,207,LR,1.6666666666666667
9080,236,115,LR,1.2351137852767633
9081,184,195,UR,0.8266991589413024
9082,232,201,UR,1.14957711974584
